128338,35.64944444,,¼ä¸ô,,-1,,
3394,0.942777778,,1,,0,,3
57649,16.01361111,,,,1,,1692
57649,16.01361111,,,,2,,529
551,0.153055556,,,,3,,233
551,0.153055556,,,,4,,176
102371,28.43638889,,,,5,,107
6096,1.693333333,,,,6,,66
58344,16.20666667,,,,7,,58
773,0.214722222,,,,8,,59
65232,18.12,,,,9,,23
128,0.035555556,,,,10,,22
1703,0.473055556,,,,11,,15
3969,1.1025,,,,12,,18
341,0.094722222,,,,13,,8
1448,0.402222222,,,,14,,10
1448,0.402222222,,,,15,,9
5098,1.416111111,,,,16,,9
4038,1.121666667,,,,17,,7
599,0.166388889,,,,18,,8
28707,7.974166667,,,,19,,11
8029,2.230277778,,,,20,,20
56731,15.75861111,,,,21,,6
6256,1.737777778,,,,22,,14
5470,1.519444444,,,,23,,4
5944,1.651111111,,,,24,,5
7504,2.084444444,,,,25,,2
162111,45.03083333,,,,26,,7
1407,0.390833333,,,,27,,6
1477,0.410277778,,,,28,,3
1841,0.511388889,,,,29,,3
3740,1.038888889,,,,30,,3
47920,13.31111111,,,,31,,2
2598,0.721666667,,,,32,,3
15355,4.265277778,,,,33,,3
156,0.043333333,,,,34,,0
18537,5.149166667,,,,35,,2
3097,0.860277778,,,,36,,0
4040,1.122222222,,,,37,,4
48219,13.39416667,,,,38,,0
103,0.028611111,,,,39,,2
14779,4.105277778,,,,40,,1
2339,0.649722222,,,,41,,1
5168,1.435555556,,,,42,,2
3581,0.994722222,,,,43,,2
10592,2.942222222,,,,44,,0
3391,0.941944444,,,,45,,1
600,0.166666667,,,,46,,5
283,0.078611111,,,,47,,0
20528,5.702222222,,,,48,,1
82142,22.81722222,,,,49,,2
1046,0.290555556,,,,50,,0
7829,2.174722222,,,,51,,0
7829,2.174722222,,,,52,,1
46959,13.04416667,,,,53,,2
5239,1.455277778,,,,54,,0
5506,1.529444444,,,,55,,0
1240,0.344444444,,,,,,
13625,3.784722222,,,,,,
2956,0.821111111,,,,,,
17501,4.861388889,,,,,,
735,0.204166667,,,,,,
48963,13.60083333,,,,,,
100888,28.02444444,,,,,,
6528,1.813333333,,,,,,
4204,1.167777778,,,,,,
4163,1.156388889,,,,,,
12996,3.61,,,,,,
4721,1.311388889,,,,,,
4911,1.364166667,,,,,,
4976,1.382222222,,,,,,
3857,1.071388889,,,,,,
21562,5.989444444,,,,,,
46157,12.82138889,,,,,,
14053,3.903611111,,,,,,
14053,3.903611111,,,,,,
22423,6.228611111,,,,,,
22423,6.228611111,,,,,,
26596,7.387777778,,,,,,
26704,7.417777778,,,,,,
26704,7.417777778,,,,,,
10532,2.925555556,,,,,,
32678,9.077222222,,,,,,
32865,9.129166667,,,,,,
37010,10.28055556,,,,,,
57,0.015833333,,,,,,
5362,1.489444444,,,,,,
5395,1.498611111,,,,,,
10328,2.868888889,,,,,,
670,0.186111111,,,,,,
679,0.188611111,,,,,,
696,0.193333333,,,,,,
1532,0.425555556,,,,,,
7953,2.209166667,,,,,,
43,0.011944444,,,,,,
5711,1.586388889,,,,,,
11966,3.323888889,,,,,,
58446,16.235,,,,,,
21136,5.871111111,,,,,,
458,0.127222222,,,,,,
519,0.144166667,,,,,,
53317,14.81027778,,,,,,
1621,0.450277778,,,,,,
14967,4.1575,,,,,,
1181,0.328055556,,,,,,
1447,0.401944444,,,,,,
1483,0.411944444,,,,,,
1634,0.453888889,,,,,,
431,0.119722222,,,,,,
1385,0.384722222,,,,,,
3533,0.981388889,,,,,,
72,0.02,,,,,,
1000,0.277777778,,,,,,
1000,0.277777778,,,,,,
1000,0.277777778,,,,,,
1000,0.277777778,,,,,,
1000,0.277777778,,,,,,
1000,0.277777778,,,,,,
1000,0.277777778,,,,,,
1000,0.277777778,,,,,,
1000,0.277777778,,,,,,
1000,0.277777778,,,,,,
1000,0.277777778,,,,,,
1000,0.277777778,,,,,,
1000,0.277777778,,,,,,
1000,0.277777778,,,,,,
1000,0.277777778,,,,,,
1000,0.277777778,,,,,,
1000,0.277777778,,,,,,
1000,0.277777778,,,,,,
1000,0.277777778,,,,,,
147,0.040833333,,,,,,
4263,1.184166667,,,,,,
75,0.020833333,,,,,,
165,0.045833333,,,,,,
659,0.183055556,,,,,,
185457,51.51583333,,,,,,
766,0.212777778,,,,,,
24,0.006666667,,,,,,
1111,0.308611111,,,,,,
1112,0.308888889,,,,,,
256,0.071111111,,,,,,
595,0.165277778,,,,,,
404,0.112222222,,,,,,
76,0.021111111,,,,,,
683,0.189722222,,,,,,
5791,1.608611111,,,,,,
4037,1.121388889,,,,,,
1312,0.364444444,,,,,,
4062,1.128333333,,,,,,
462,0.128333333,,,,,,
46,0.012777778,,,,,,
5352,1.486666667,,,,,,
2881,0.800277778,,,,,,
1400,0.388888889,,,,,,
1400,0.388888889,,,,,,
51,0.014166667,,,,,,
218,0.060555556,,,,,,
1123,0.311944444,,,,,,
925,0.256944444,,,,,,
62,0.017222222,,,,,,
15,0.004166667,,,,,,
39,0.010833333,,,,,,
39,0.010833333,,,,,,
8104,2.251111111,,,,,,
35584,9.884444444,,,,,,
47866,13.29611111,,,,,,
90742,25.20611111,,,,,,
1814,0.503888889,,,,,,
4660,1.294444444,,,,,,
21917,6.088055556,,,,,,
1754,0.487222222,,,,,,
54310,15.08611111,,,,,,
54310,15.08611111,,,,,,
2199,0.610833333,,,,,,
49088,13.63555556,,,,,,
16785,4.6625,,,,,,
27031,7.508611111,,,,,,
29935,8.315277778,,,,,,
2182,0.606111111,,,,,,
30782,8.550555556,,,,,,
3441,0.955833333,,,,,,
294,0.081666667,,,,,,
2166,0.601666667,,,,,,
5110,1.419444444,,,,,,
486,0.135,,,,,,
483,0.134166667,,,,,,
2958,0.821666667,,,,,,
508,0.141111111,,,,,,
5464,1.517777778,,,,,,
3626,1.007222222,,,,,,
3626,1.007222222,,,,,,
10082,2.800555556,,,,,,
394,0.109444444,,,,,,
4509,1.2525,,,,,,
694,0.192777778,,,,,,
33,0.009166667,,,,,,
291,0.080833333,,,,,,
749,0.208055556,,,,,,
1791,0.4975,,,,,,
1791,0.4975,,,,,,
7898,2.193888889,,,,,,
4558,1.266111111,,,,,,
448,0.124444444,,,,,,
2219,0.616388889,,,,,,
401,0.111388889,,,,,,
54,0.015,,,,,,
40,0.011111111,,,,,,
5910,1.641666667,,,,,,
705,0.195833333,,,,,,
9660,2.683333333,,,,,,
3582,0.995,,,,,,
1991,0.553055556,,,,,,
4304,1.195555556,,,,,,
12929,3.591388889,,,,,,
10076,2.798888889,,,,,,
31,0.008611111,,,,,,
266,0.073888889,,,,,,
520,0.144444444,,,,,,
76918,21.36611111,,,,,,
82,0.022777778,,,,,,
3845,1.068055556,,,,,,
3854,1.070555556,,,,,,
2274,0.631666667,,,,,,
2749,0.763611111,,,,,,
216,0.06,,,,,,
8972,2.492222222,,,,,,
10903,3.028611111,,,,,,
5489,1.524722222,,,,,,
5511,1.530833333,,,,,,
9949,2.763611111,,,,,,
10043,2.789722222,,,,,,
1295,0.359722222,,,,,,
10049,2.791388889,,,,,,
11313,3.1425,,,,,,
9525,2.645833333,,,,,,
1276,0.354444444,,,,,,
986,0.273888889,,,,,,
957,0.265833333,,,,,,
53000,14.72222222,,,,,,
50621,14.06138889,,,,,,
50737,14.09361111,,,,,,
50820,14.11666667,,,,,,
20549,5.708055556,,,,,,
6679,1.855277778,,,,,,
3992,1.108888889,,,,,,
4145,1.151388889,,,,,,
2718,0.755,,,,,,
7070,1.963888889,,,,,,
7362,2.045,,,,,,
4032,1.12,,,,,,
2449,0.680277778,,,,,,
2504,0.695555556,,,,,,
1724,0.478888889,,,,,,
6033,1.675833333,,,,,,
20938,5.816111111,,,,,,
21762,6.045,,,,,,
15212,4.225555556,,,,,,
112,0.031111111,,,,,,
4495,1.248611111,,,,,,
59870,16.63055556,,,,,,
64589,17.94138889,,,,,,
4257,1.1825,,,,,,
564,0.156666667,,,,,,
11888,3.302222222,,,,,,
11888,3.302222222,,,,,,
1774,0.492777778,,,,,,
354,0.098333333,,,,,,
6635,1.843055556,,,,,,
249,0.069166667,,,,,,
10822,3.006111111,,,,,,
459,0.1275,,,,,,
548,0.152222222,,,,,,
587,0.163055556,,,,,,
225,0.0625,,,,,,
1675,0.465277778,,,,,,
27253,7.570277778,,,,,,
2859,0.794166667,,,,,,
466,0.129444444,,,,,,
471,0.130833333,,,,,,
1582,0.439444444,,,,,,
1627,0.451944444,,,,,,
87,0.024166667,,,,,,
15391,4.275277778,,,,,,
3689,1.024722222,,,,,,
972,0.27,,,,,,
624,0.173333333,,,,,,
2085,0.579166667,,,,,,
1841,0.511388889,,,,,,
19753,5.486944444,,,,,,
2741,0.761388889,,,,,,
25380,7.05,,,,,,
2133,0.5925,,,,,,
1051,0.291944444,,,,,,
1051,0.291944444,,,,,,
1110,0.308333333,,,,,,
337,0.093611111,,,,,,
3191,0.886388889,,,,,,
9835,2.731944444,,,,,,
525,0.145833333,,,,,,
326,0.090555556,,,,,,
457,0.126944444,,,,,,
359,0.099722222,,,,,,
7990,2.219444444,,,,,,
3758,1.043888889,,,,,,
2735,0.759722222,,,,,,
140,0.038888889,,,,,,
170,0.047222222,,,,,,
6777,1.8825,,,,,,
6789,1.885833333,,,,,,
1498,0.416111111,,,,,,
3056,0.848888889,,,,,,
5929,1.646944444,,,,,,
860,0.238888889,,,,,,
6506,1.807222222,,,,,,
12179,3.383055556,,,,,,
24024,6.673333333,,,,,,
33157,9.210277778,,,,,,
4823,1.339722222,,,,,,
42303,11.75083333,,,,,,
26394,7.331666667,,,,,,
25884,7.19,,,,,,
31280,8.688888889,,,,,,
41052,11.40333333,,,,,,
5703,1.584166667,,,,,,
4862,1.350555556,,,,,,
101,0.028055556,,,,,,
2031,0.564166667,,,,,,
2613,0.725833333,,,,,,
3697,1.026944444,,,,,,
3458,0.960555556,,,,,,
4324,1.201111111,,,,,,
5088,1.413333333,,,,,,
87488,24.30222222,,,,,,
17431,4.841944444,,,,,,
891,0.2475,,,,,,
49130,13.64722222,,,,,,
2316,0.643333333,,,,,,
25349,7.041388889,,,,,,
7425,2.0625,,,,,,
537,0.149166667,,,,,,
589,0.163611111,,,,,,
760,0.211111111,,,,,,
6426,1.785,,,,,,
3495,0.970833333,,,,,,
152493,42.35916667,,,,,,
75143,20.87305556,,,,,,
2115,0.5875,,,,,,
2290,0.636111111,,,,,,
2290,0.636111111,,,,,,
226,0.062777778,,,,,,
20,0.005555556,,,,,,
675,0.1875,,,,,,
1410,0.391666667,,,,,,
139,0.038611111,,,,,,
476,0.132222222,,,,,,
6469,1.796944444,,,,,,
7845,2.179166667,,,,,,
118107,32.8075,,,,,,
77416,21.50444444,,,,,,
4334,1.203888889,,,,,,
7105,1.973611111,,,,,,
269,0.074722222,,,,,,
3509,0.974722222,,,,,,
3538,0.982777778,,,,,,
591,0.164166667,,,,,,
2820,0.783333333,,,,,,
14327,3.979722222,,,,,,
40042,11.12277778,,,,,,
35,0.009722222,,,,,,
11485,3.190277778,,,,,,
4945,1.373611111,,,,,,
18172,5.047777778,,,,,,
28668,7.963333333,,,,,,
14315,3.976388889,,,,,,
5307,1.474166667,,,,,,
14958,4.155,,,,,,
14958,4.155,,,,,,
20654,5.737222222,,,,,,
20654,5.737222222,,,,,,
19083,5.300833333,,,,,,
5721,1.589166667,,,,,,
63569,17.65805556,,,,,,
17160,4.766666667,,,,,,
26929,7.480277778,,,,,,
14977,4.160277778,,,,,,
3940,1.094444444,,,,,,
9748,2.707777778,,,,,,
18573,5.159166667,,,,,,
24225,6.729166667,,,,,,
9211,2.558611111,,,,,,
9420,2.616666667,,,,,,
69958,19.43277778,,,,,,
35964,9.99,,,,,,
17353,4.820277778,,,,,,
77389,21.49694444,,,,,,
24034,6.676111111,,,,,,
13757,3.821388889,,,,,,
31685,8.801388889,,,,,,
68140,18.92777778,,,,,,
86640,24.06666667,,,,,,
32492,9.025555556,,,,,,
165389,45.94138889,,,,,,
61475,17.07638889,,,,,,
12631,3.508611111,,,,,,
12642,3.511666667,,,,,,
13054,3.626111111,,,,,,
19346,5.373888889,,,,,,
20204,5.612222222,,,,,,
20268,5.63,,,,,,
22132,6.147777778,,,,,,
732,0.203333333,,,,,,
3396,0.943333333,,,,,,
1272,0.353333333,,,,,,
15955,4.431944444,,,,,,
20915,5.809722222,,,,,,
10557,2.9325,,,,,,
109554,30.43166667,,,,,,
11613,3.225833333,,,,,,
6885,1.9125,,,,,,
383,0.106388889,,,,,,
460,0.127777778,,,,,,
27777,7.715833333,,,,,,
14035,3.898611111,,,,,,
21597,5.999166667,,,,,,
21635,6.009722222,,,,,,
71712,19.92,,,,,,
71843,19.95638889,,,,,,
5448,1.513333333,,,,,,
5451,1.514166667,,,,,,
15855,4.404166667,,,,,,
8463,2.350833333,,,,,,
13197,3.665833333,,,,,,
19041,5.289166667,,,,,,
90027,25.0075,,,,,,
5409,1.5025,,,,,,
25288,7.024444444,,,,,,
1010,0.280555556,,,,,,
483,0.134166667,,,,,,
13836,3.843333333,,,,,,
88,0.024444444,,,,,,
8657,2.404722222,,,,,,
8657,2.404722222,,,,,,
16523,4.589722222,,,,,,
20181,5.605833333,,,,,,
7608,2.113333333,,,,,,
278,0.077222222,,,,,,
17474,4.853888889,,,,,,
35138,9.760555556,,,,,,
4059,1.1275,,,,,,
31130,8.647222222,,,,,,
12869,3.574722222,,,,,,
35495,9.859722222,,,,,,
6922,1.922777778,,,,,,
105,0.029166667,,,,,,
101,0.028055556,,,,,,
363,0.100833333,,,,,,
401,0.111388889,,,,,,
430,0.119444444,,,,,,
447,0.124166667,,,,,,
506,0.140555556,,,,,,
761,0.211388889,,,,,,
2572,0.714444444,,,,,,
169717,47.14361111,,,,,,
5539,1.538611111,,,,,,
14720,4.088888889,,,,,,
16410,4.558333333,,,,,,
148,0.041111111,,,,,,
8129,2.258055556,,,,,,
2655,0.7375,,,,,,
63454,17.62611111,,,,,,
28443,7.900833333,,,,,,
15334,4.259444444,,,,,,
15350,4.263888889,,,,,,
4707,1.3075,,,,,,
4962,1.378333333,,,,,,
10083,2.800833333,,,,,,
12250,3.402777778,,,,,,
16017,4.449166667,,,,,,
70418,19.56055556,,,,,,
71905,19.97361111,,,,,,
71918,19.97722222,,,,,,
940,0.261111111,,,,,,
16172,4.492222222,,,,,,
24444,6.79,,,,,,
24444,6.79,,,,,,
6939,1.9275,,,,,,
157,0.043611111,,,,,,
14129,3.924722222,,,,,,
66379,18.43861111,,,,,,
952,0.264444444,,,,,,
25636,7.121111111,,,,,,
16375,4.548611111,,,,,,
13135,3.648611111,,,,,,
13184,3.662222222,,,,,,
287,0.079722222,,,,,,
7579,2.105277778,,,,,,
7475,2.076388889,,,,,,
2858,0.793888889,,,,,,
20750,5.763888889,,,,,,
6086,1.690555556,,,,,,
7940,2.205555556,,,,,,
24801,6.889166667,,,,,,
16042,4.456111111,,,,,,
24926,6.923888889,,,,,,
3577,0.993611111,,,,,,
9661,2.683611111,,,,,,
15034,4.176111111,,,,,,
15034,4.176111111,,,,,,
27239,7.566388889,,,,,,
11493,3.1925,,,,,,
493,0.136944444,,,,,,
501,0.139166667,,,,,,
507,0.140833333,,,,,,
4810,1.336111111,,,,,,
15654,4.348333333,,,,,,
15753,4.375833333,,,,,,
15630,4.341666667,,,,,,
16157,4.488055556,,,,,,
1045,0.290277778,,,,,,
13761,3.8225,,,,,,
68571,19.0475,,,,,,
68936,19.14888889,,,,,,
82310,22.86388889,,,,,,
11858,3.293888889,,,,,,
11858,3.293888889,,,,,,
24597,6.8325,,,,,,
24646,6.846111111,,,,,,
24646,6.846111111,,,,,,
15417,4.2825,,,,,,
6042,1.678333333,,,,,,
5818,1.616111111,,,,,,
123525,34.3125,,,,,,
6712,1.864444444,,,,,,
19493,5.414722222,,,,,,
35628,9.896666667,,,,,,
11962,3.322777778,,,,,,
12245,3.401388889,,,,,,
12294,3.415,,,,,,
12563,3.489722222,,,,,,
12919,3.588611111,,,,,,
13012,3.614444444,,,,,,
13031,3.619722222,,,,,,
28776,7.993333333,,,,,,
85069,23.63027778,,,,,,
85079,23.63305556,,,,,,
85186,23.66277778,,,,,,
64575,17.9375,,,,,,
393,0.109166667,,,,,,
11656,3.237777778,,,,,,
7173,1.9925,,,,,,
69592,19.33111111,,,,,,
69741,19.3725,,,,,,
69837,19.39916667,,,,,,
11754,3.265,,,,,,
4985,1.384722222,,,,,,
4640,1.288888889,,,,,,
26028,7.23,,,,,,
18503,5.139722222,,,,,,
11140,3.094444444,,,,,,
7625,2.118055556,,,,,,
16495,4.581944444,,,,,,
35837,9.954722222,,,,,,
7457,2.071388889,,,,,,
9884,2.745555556,,,,,,
353,0.098055556,,,,,,
398,0.110555556,,,,,,
436,0.121111111,,,,,,
501,0.139166667,,,,,,
508,0.141111111,,,,,,
529,0.146944444,,,,,,
2694,0.748333333,,,,,,
2753,0.764722222,,,,,,
2764,0.767777778,,,,,,
2881,0.800277778,,,,,,
2925,0.8125,,,,,,
27624,7.673333333,,,,,,
73621,20.45027778,,,,,,
8726,2.423888889,,,,,,
10033,2.786944444,,,,,,
26050,7.236111111,,,,,,
24989,6.941388889,,,,,,
4776,1.326666667,,,,,,
5301,1.4725,,,,,,
6290,1.747222222,,,,,,
30105,8.3625,,,,,,
34695,9.6375,,,,,,
5255,1.459722222,,,,,,
20887,5.801944444,,,,,,
6686,1.857222222,,,,,,
2747,0.763055556,,,,,,
9984,2.773333333,,,,,,
10024,2.784444444,,,,,,
35559,9.8775,,,,,,
26207,7.279722222,,,,,,
717,0.199166667,,,,,,
4209,1.169166667,,,,,,
2027,0.563055556,,,,,,
952,0.264444444,,,,,,
26998,7.499444444,,,,,,
24228,6.73,,,,,,
21988,6.107777778,,,,,,
5157,1.4325,,,,,,
9497,2.638055556,,,,,,
9497,2.638055556,,,,,,
9532,2.647777778,,,,,,
313,0.086944444,,,,,,
19021,5.283611111,,,,,,
5346,1.485,,,,,,
1819,0.505277778,,,,,,
23562,6.545,,,,,,
25523,7.089722222,,,,,,
16069,4.463611111,,,,,,
4970,1.380555556,,,,,,
7953,2.209166667,,,,,,
35018,9.727222222,,,,,,
8123,2.256388889,,,,,,
8123,2.256388889,,,,,,
5060,1.405555556,,,,,,
19229,5.341388889,,,,,,
5228,1.452222222,,,,,,
5229,1.4525,,,,,,
18083,5.023055556,,,,,,
38913,10.80916667,,,,,,
757,0.210277778,,,,,,
30561,8.489166667,,,,,,
1314,0.365,,,,,,
3977,1.104722222,,,,,,
4786,1.329444444,,,,,,
3828,1.063333333,,,,,,
256,0.071111111,,,,,,
8056,2.237777778,,,,,,
5783,1.606388889,,,,,,
463,0.128611111,,,,,,
43,0.011944444,,,,,,
13399,3.721944444,,,,,,
13399,3.721944444,,,,,,
19506,5.418333333,,,,,,
19506,5.418333333,,,,,,
23680,6.577777778,,,,,,
10470,2.908333333,,,,,,
3394,0.942777778,,,,,,
2633,0.731388889,,,,,,
204,0.056666667,,,,,,
4838,1.343888889,,,,,,
13559,3.766388889,,,,,,
819,0.2275,,,,,,
3094,0.859444444,,,,,,
5196,1.443333333,,,,,,
2706,0.751666667,,,,,,
2664,0.74,,,,,,
598,0.166111111,,,,,,
2176,0.604444444,,,,,,
3856,1.071111111,,,,,,
7368,2.046666667,,,,,,
5606,1.557222222,,,,,,
1380,0.383333333,,,,,,
1681,0.466944444,,,,,,
508,0.141111111,,,,,,
419,0.116388889,,,,,,
493,0.136944444,,,,,,
4304,1.195555556,,,,,,
273,0.075833333,,,,,,
1653,0.459166667,,,,,,
6002,1.667222222,,,,,,
3035,0.843055556,,,,,,
28317,7.865833333,,,,,,
207,0.0575,,,,,,
215,0.059722222,,,,,,
6059,1.683055556,,,,,,
1649,0.458055556,,,,,,
336,0.093333333,,,,,,
64,0.017777778,,,,,,
2442,0.678333333,,,,,,
9621,2.6725,,,,,,
1647,0.4575,,,,,,
4612,1.281111111,,,,,,
924,0.256666667,,,,,,
947,0.263055556,,,,,,
5735,1.593055556,,,,,,
109,0.030277778,,,,,,
562,0.156111111,,,,,,
5154,1.431666667,,,,,,
5155,1.431944444,,,,,,
3352,0.931111111,,,,,,
3411,0.9475,,,,,,
3517,0.976944444,,,,,,
5740,1.594444444,,,,,,
2177,0.604722222,,,,,,
6686,1.857222222,,,,,,
151947,42.2075,,,,,,
361,0.100277778,,,,,,
521,0.144722222,,,,,,
8617,2.393611111,,,,,,
42415,11.78194444,,,,,,
697,0.193611111,,,,,,
1028,0.285555556,,,,,,
2283,0.634166667,,,,,,
4210,1.169444444,,,,,,
8114,2.253888889,,,,,,
3480,0.966666667,,,,,,
2357,0.654722222,,,,,,
2357,0.654722222,,,,,,
269,0.074722222,,,,,,
19079,5.299722222,,,,,,
853,0.236944444,,,,,,
273,0.075833333,,,,,,
5556,1.543333333,,,,,,
22,0.006111111,,,,,,
730,0.202777778,,,,,,
14813,4.114722222,,,,,,
1732,0.481111111,,,,,,
1070,0.297222222,,,,,,
679,0.188611111,,,,,,
11396,3.165555556,,,,,,
30787,8.551944444,,,,,,
68897,19.13805556,,,,,,
69002,19.16722222,,,,,,
69003,19.1675,,,,,,
25575,7.104166667,,,,,,
23890,6.636111111,,,,,,
1921,0.533611111,,,,,,
21765,6.045833333,,,,,,
23513,6.531388889,,,,,,
6342,1.761666667,,,,,,
41780,11.60555556,,,,,,
42694,11.85944444,,,,,,
42694,11.85944444,,,,,,
42959,11.93305556,,,,,,
43204,12.00111111,,,,,,
2318,0.643888889,,,,,,
22388,6.218888889,,,,,,
22388,6.218888889,,,,,,
11,0.003055556,,,,,,
265,0.073611111,,,,,,
42488,11.80222222,,,,,,
169,0.046944444,,,,,,
152,0.042222222,,,,,,
188,0.052222222,,,,,,
188,0.052222222,,,,,,
5418,1.505,,,,,,
1375,0.381944444,,,,,,
4705,1.306944444,,,,,,
21202,5.889444444,,,,,,
22676,6.298888889,,,,,,
3475,0.965277778,,,,,,
4551,1.264166667,,,,,,
4551,1.264166667,,,,,,
14271,3.964166667,,,,,,
4283,1.189722222,,,,,,
15699,4.360833333,,,,,,
1341,0.3725,,,,,,
5380,1.494444444,,,,,,
5756,1.598888889,,,,,,
9345,2.595833333,,,,,,
13223,3.673055556,,,,,,
76191,21.16416667,,,,,,
76850,21.34722222,,,,,,
1393,0.386944444,,,,,,
1943,0.539722222,,,,,,
1968,0.546666667,,,,,,
1975,0.548611111,,,,,,
10666,2.962777778,,,,,,
20328,5.646666667,,,,,,
14329,3.980277778,,,,,,
2362,0.656111111,,,,,,
5219,1.449722222,,,,,,
2258,0.627222222,,,,,,
6689,1.858055556,,,,,,
6938,1.927222222,,,,,,
1627,0.451944444,,,,,,
3865,1.073611111,,,,,,
4030,1.119444444,,,,,,
4031,1.119722222,,,,,,
2132,0.592222222,,,,,,
59918,16.64388889,,,,,,
15915,4.420833333,,,,,,
4256,1.182222222,,,,,,
4543,1.261944444,,,,,,
4087,1.135277778,,,,,,
6411,1.780833333,,,,,,
30781,8.550277778,,,,,,
104,0.028888889,,,,,,
328,0.091111111,,,,,,
738,0.205,,,,,,
1397,0.388055556,,,,,,
1430,0.397222222,,,,,,
1448,0.402222222,,,,,,
1457,0.404722222,,,,,,
1504,0.417777778,,,,,,
1560,0.433333333,,,,,,
1606,0.446111111,,,,,,
1655,0.459722222,,,,,,
1679,0.466388889,,,,,,
1736,0.482222222,,,,,,
1867,0.518611111,,,,,,
1880,0.522222222,,,,,,
2110,0.586111111,,,,,,
2810,0.780555556,,,,,,
1879,0.521944444,,,,,,
2036,0.565555556,,,,,,
2861,0.794722222,,,,,,
1413,0.3925,,,,,,
5478,1.521666667,,,,,,
140380,38.99444444,,,,,,
140380,38.99444444,,,,,,
10499,2.916388889,,,,,,
2404,0.667777778,,,,,,
93,0.025833333,,,,,,
15117,4.199166667,,,,,,
1102,0.306111111,,,,,,
1109,0.308055556,,,,,,
7789,2.163611111,,,,,,
1569,0.435833333,,,,,,
5363,1.489722222,,,,,,
3685,1.023611111,,,,,,
44,0.012222222,,,,,,
6975,1.9375,,,,,,
4589,1.274722222,,,,,,
6436,1.787777778,,,,,,
2293,0.636944444,,,,,,
51,0.014166667,,,,,,
52,0.014444444,,,,,,
4492,1.247777778,,,,,,
28366,7.879444444,,,,,,
24,0.006666667,,,,,,
24,0.006666667,,,,,,
1596,0.443333333,,,,,,
8967,2.490833333,,,,,,
9153,2.5425,,,,,,
7208,2.002222222,,,,,,
5592,1.553333333,,,,,,
6570,1.825,,,,,,
20225,5.618055556,,,,,,
1983,0.550833333,,,,,,
8202,2.278333333,,,,,,
11946,3.318333333,,,,,,
320,0.088888889,,,,,,
320,0.088888889,,,,,,
4825,1.340277778,,,,,,
939,0.260833333,,,,,,
13906,3.862777778,,,,,,
777,0.215833333,,,,,,
2104,0.584444444,,,,,,
5468,1.518888889,,,,,,
5468,1.518888889,,,,,,
542,0.150555556,,,,,,
9596,2.665555556,,,,,,
489,0.135833333,,,,,,
2192,0.608888889,,,,,,
3975,1.104166667,,,,,,
22212,6.17,,,,,,
2497,0.693611111,,,,,,
154,0.042777778,,,,,,
277,0.076944444,,,,,,
8619,2.394166667,,,,,,
8670,2.408333333,,,,,,
6233,1.731388889,,,,,,
1291,0.358611111,,,,,,
689,0.191388889,,,,,,
3813,1.059166667,,,,,,
4046,1.123888889,,,,,,
3683,1.023055556,,,,,,
4342,1.206111111,,,,,,
244,0.067777778,,,,,,
7458,2.071666667,,,,,,
474,0.131666667,,,,,,
6921,1.9225,,,,,,
591,0.164166667,,,,,,
317,0.088055556,,,,,,
132941,36.92805556,,,,,,
14704,4.084444444,,,,,,
1195,0.331944444,,,,,,
11067,3.074166667,,,,,,
1422,0.395,,,,,,
12185,3.384722222,,,,,,
3091,0.858611111,,,,,,
795,0.220833333,,,,,,
113,0.031388889,,,,,,
2620,0.727777778,,,,,,
5699,1.583055556,,,,,,
11320,3.144444444,,,,,,
167,0.046388889,,,,,,
10854,3.015,,,,,,
10930,3.036111111,,,,,,
432,0.12,,,,,,
3986,1.107222222,,,,,,
86386,23.99611111,,,,,,
10789,2.996944444,,,,,,
976,0.271111111,,,,,,
2365,0.656944444,,,,,,
2365,0.656944444,,,,,,
113735,31.59305556,,,,,,
784,0.217777778,,,,,,
785,0.218055556,,,,,,
2093,0.581388889,,,,,,
904,0.251111111,,,,,,
514,0.142777778,,,,,,
13531,3.758611111,,,,,,
111,0.030833333,,,,,,
1709,0.474722222,,,,,,
7317,2.0325,,,,,,
471,0.130833333,,,,,,
17954,4.987222222,,,,,,
287,0.079722222,,,,,,
651,0.180833333,,,,,,
21467,5.963055556,,,,,,
2589,0.719166667,,,,,,
4263,1.184166667,,,,,,
4307,1.196388889,,,,,,
3718,1.032777778,,,,,,
22461,6.239166667,,,,,,
75,0.020833333,,,,,,
3002,0.833888889,,,,,,
1380,0.383333333,,,,,,
17079,4.744166667,,,,,,
24796,6.887777778,,,,,,
463,0.128611111,,,,,,
2873,0.798055556,,,,,,
2934,0.815,,,,,,
4098,1.138333333,,,,,,
2861,0.794722222,,,,,,
2235,0.620833333,,,,,,
97955,27.20972222,,,,,,
1854,0.515,,,,,,
2217,0.615833333,,,,,,
2768,0.768888889,,,,,,
189,0.0525,,,,,,
5814,1.615,,,,,,
11940,3.316666667,,,,,,
1123,0.311944444,,,,,,
2510,0.697222222,,,,,,
6675,1.854166667,,,,,,
4725,1.3125,,,,,,
416,0.115555556,,,,,,
5120,1.422222222,,,,,,
759,0.210833333,,,,,,
17454,4.848333333,,,,,,
1663,0.461944444,,,,,,
7145,1.984722222,,,,,,
11203,3.111944444,,,,,,
2424,0.673333333,,,,,,
2014,0.559444444,,,,,,
2496,0.693333333,,,,,,
304,0.084444444,,,,,,
9408,2.613333333,,,,,,
13842,3.845,,,,,,
79,0.021944444,,,,,,
197,0.054722222,,,,,,
19021,5.283611111,,,,,,
515,0.143055556,,,,,,
429,0.119166667,,,,,,
14302,3.972777778,,,,,,
617,0.171388889,,,,,,
316,0.087777778,,,,,,
4380,1.216666667,,,,,,
599,0.166388889,,,,,,
71,0.019722222,,,,,,
11521,3.200277778,,,,,,
381,0.105833333,,,,,,
57,0.015833333,,,,,,
1001,0.278055556,,,,,,
154,0.042777778,,,,,,
1442,0.400555556,,,,,,
13018,3.616111111,,,,,,
13019,3.616388889,,,,,,
1699,0.471944444,,,,,,
42,0.011666667,,,,,,
3573,0.9925,,,,,,
68,0.018888889,,,,,,
841,0.233611111,,,,,,
1047,0.290833333,,,,,,
6324,1.756666667,,,,,,
4611,1.280833333,,,,,,
737,0.204722222,,,,,,
1655,0.459722222,,,,,,
2471,0.686388889,,,,,,
927,0.2575,,,,,,
1125,0.3125,,,,,,
2010,0.558333333,,,,,,
29,0.008055556,,,,,,
34,0.009444444,,,,,,
892,0.247777778,,,,,,
1385,0.384722222,,,,,,
10329,2.869166667,,,,,,
4637,1.288055556,,,,,,
5470,1.519444444,,,,,,
4240,1.177777778,,,,,,
3449,0.958055556,,,,,,
3558,0.988333333,,,,,,
3597,0.999166667,,,,,,
3288,0.913333333,,,,,,
95670,26.575,,,,,,
351,0.0975,,,,,,
351,0.0975,,,,,,
149,0.041388889,,,,,,
2570,0.713888889,,,,,,
2775,0.770833333,,,,,,
7631,2.119722222,,,,,,
6105,1.695833333,,,,,,
14615,4.059722222,,,,,,
3425,0.951388889,,,,,,
73,0.020277778,,,,,,
754,0.209444444,,,,,,
4879,1.355277778,,,,,,
5317,1.476944444,,,,,,
142,0.039444444,,,,,,
4463,1.239722222,,,,,,
1277,0.354722222,,,,,,
7620,2.116666667,,,,,,
7620,2.116666667,,,,,,
1003,0.278611111,,,,,,
3676,1.021111111,,,,,,
5577,1.549166667,,,,,,
5592,1.553333333,,,,,,
75,0.020833333,,,,,,
109,0.030277778,,,,,,
717,0.199166667,,,,,,
441,0.1225,,,,,,
400,0.111111111,,,,,,
633,0.175833333,,,,,,
32035,8.898611111,,,,,,
161,0.044722222,,,,,,
11024,3.062222222,,,,,,
-68,-0.018888889,,,,,,
700,0.194444444,,,,,,
5408,1.502222222,,,,,,
9611,2.669722222,,,,,,
21449,5.958055556,,,,,,
2313,0.6425,,,,,,
2873,0.798055556,,,,,,
826,0.229444444,,,,,,
382,0.106111111,,,,,,
43,0.011944444,,,,,,
393,0.109166667,,,,,,
16492,4.581111111,,,,,,
2210,0.613888889,,,,,,
1566,0.435,,,,,,
722,0.200555556,,,,,,
23,0.006388889,,,,,,
8714,2.420555556,,,,,,
196,0.054444444,,,,,,
870,0.241666667,,,,,,
326,0.090555556,,,,,,
395,0.109722222,,,,,,
13438,3.732777778,,,,,,
9208,2.557777778,,,,,,
287,0.079722222,,,,,,
865,0.240277778,,,,,,
6927,1.924166667,,,,,,
174,0.048333333,,,,,,
384,0.106666667,,,,,,
682,0.189444444,,,,,,
10792,2.997777778,,,,,,
5500,1.527777778,,,,,,
68290,18.96944444,,,,,,
689,0.191388889,,,,,,
141611,39.33638889,,,,,,
68372,18.99222222,,,,,,
149689,41.58027778,,,,,,
12890,3.580555556,,,,,,
13760,3.822222222,,,,,,
26415,7.3375,,,,,,
4307,1.196388889,,,,,,
106239,29.51083333,,,,,,
2276,0.632222222,,,,,,
58949,16.37472222,,,,,,
4377,1.215833333,,,,,,
4430,1.230555556,,,,,,
13,0.003611111,,,,,,
2047,0.568611111,,,,,,
69,0.019166667,,,,,,
761,0.211388889,,,,,,
45405,12.6125,,,,,,
2393,0.664722222,,,,,,
68978,19.16055556,,,,,,
243,0.0675,,,,,,
9578,2.660555556,,,,,,
1276,0.354444444,,,,,,
8523,2.3675,,,,,,
78,0.021666667,,,,,,
1798,0.499444444,,,,,,
23904,6.64,,,,,,
24383,6.773055556,,,,,,
24433,6.786944444,,,,,,
686,0.190555556,,,,,,
281,0.078055556,,,,,,
3709,1.030277778,,,,,,
12546,3.485,,,,,,
990,0.275,,,,,,
4926,1.368333333,,,,,,
222,0.061666667,,,,,,
12393,3.4425,,,,,,
14091,3.914166667,,,,,,
1182,0.328333333,,,,,,
7239,2.010833333,,,,,,
4295,1.193055556,,,,,,
14662,4.072777778,,,,,,
2357,0.654722222,,,,,,
1058,0.293888889,,,,,,
82,0.022777778,,,,,,
5756,1.598888889,,,,,,
313,0.086944444,,,,,,
673,0.186944444,,,,,,
26937,7.4825,,,,,,
2606,0.723888889,,,,,,
485,0.134722222,,,,,,
3373,0.936944444,,,,,,
34144,9.484444444,,,,,,
2043,0.5675,,,,,,
2969,0.824722222,,,,,,
1160,0.322222222,,,,,,
197,0.054722222,,,,,,
315,0.0875,,,,,,
315,0.0875,,,,,,
397,0.110277778,,,,,,
397,0.110277778,,,,,,
413,0.114722222,,,,,,
413,0.114722222,,,,,,
463,0.128611111,,,,,,
463,0.128611111,,,,,,
674,0.187222222,,,,,,
674,0.187222222,,,,,,
873,0.2425,,,,,,
1569,0.435833333,,,,,,
2977,0.826944444,,,,,,
7575,2.104166667,,,,,,
148,0.041111111,,,,,,
1585,0.440277778,,,,,,
778,0.216111111,,,,,,
884,0.245555556,,,,,,
901,0.250277778,,,,,,
917,0.254722222,,,,,,
948,0.263333333,,,,,,
5205,1.445833333,,,,,,
23995,6.665277778,,,,,,
3101,0.861388889,,,,,,
3185,0.884722222,,,,,,
149,0.041388889,,,,,,
2676,0.743333333,,,,,,
1074,0.298333333,,,,,,
29354,8.153888889,,,,,,
9426,2.618333333,,,,,,
5560,1.544444444,,,,,,
1973,0.548055556,,,,,,
3834,1.065,,,,,,
1748,0.485555556,,,,,,
864,0.24,,,,,,
6060,1.683333333,,,,,,
9574,2.659444444,,,,,,
21367,5.935277778,,,,,,
5015,1.393055556,,,,,,
69489,19.3025,,,,,,
69573,19.32583333,,,,,,
9835,2.731944444,,,,,,
3896,1.082222222,,,,,,
2208,0.613333333,,,,,,
2252,0.625555556,,,,,,
546,0.151666667,,,,,,
1000,0.277777778,,,,,,
1000,0.277777778,,,,,,
1000,0.277777778,,,,,,
1000,0.277777778,,,,,,
1000,0.277777778,,,,,,
1000,0.277777778,,,,,,
1000,0.277777778,,,,,,
1000,0.277777778,,,,,,
1000,0.277777778,,,,,,
1000,0.277777778,,,,,,
1000,0.277777778,,,,,,
1000,0.277777778,,,,,,
1000,0.277777778,,,,,,
1000,0.277777778,,,,,,
1000,0.277777778,,,,,,
1000,0.277777778,,,,,,
1000,0.277777778,,,,,,
1000,0.277777778,,,,,,
1000,0.277777778,,,,,,
1000,0.277777778,,,,,,
1000,0.277777778,,,,,,
1000,0.277777778,,,,,,
1000,0.277777778,,,,,,
1000,0.277777778,,,,,,
1000,0.277777778,,,,,,
9384,2.606666667,,,,,,
14059,3.905277778,,,,,,
7413,2.059166667,,,,,,
7418,2.060555556,,,,,,
2785,0.773611111,,,,,,
3618,1.005,,,,,,
90,0.025,,,,,,
26967,7.490833333,,,,,,
2588,0.718888889,,,,,,
9562,2.656111111,,,,,,
1264,0.351111111,,,,,,
155,0.043055556,,,,,,
4523,1.256388889,,,,,,
1533,0.425833333,,,,,,
1513,0.420277778,,,,,,
9567,2.6575,,,,,,
2911,0.808611111,,,,,,
2912,0.808888889,,,,,,
4556,1.265555556,,,,,,
4556,1.265555556,,,,,,
105,0.029166667,,,,,,
10051,2.791944444,,,,,,
2098,0.582777778,,,,,,
2259,0.6275,,,,,,
1427,0.396388889,,,,,,
411,0.114166667,,,,,,
13920,3.866666667,,,,,,
3168,0.88,,,,,,
822,0.228333333,,,,,,
9986,2.773888889,,,,,,
10119,2.810833333,,,,,,
342,0.095,,,,,,
345,0.095833333,,,,,,
2535,0.704166667,,,,,,
1275,0.354166667,,,,,,
4538,1.260555556,,,,,,
975,0.270833333,,,,,,
2420,0.672222222,,,,,,
415,0.115277778,,,,,,
4235,1.176388889,,,,,,
9026,2.507222222,,,,,,
14,0.003888889,,,,,,
5968,1.657777778,,,,,,
9046,2.512777778,,,,,,
9904,2.751111111,,,,,,
9941,2.761388889,,,,,,
382,0.106111111,,,,,,
10979,3.049722222,,,,,,
10979,3.049722222,,,,,,
231,0.064166667,,,,,,
14879,4.133055556,,,,,,
78548,21.81888889,,,,,,
1686,0.468333333,,,,,,
4138,1.149444444,,,,,,
12356,3.432222222,,,,,,
798,0.221666667,,,,,,
3562,0.989444444,,,,,,
2907,0.8075,,,,,,
56736,15.76,,,,,,
9122,2.533888889,,,,,,
7372,2.047777778,,,,,,
8184,2.273333333,,,,,,
5957,1.654722222,,,,,,
12514,3.476111111,,,,,,
44992,12.49777778,,,,,,
123,0.034166667,,,,,,
343,0.095277778,,,,,,
16979,4.716388889,,,,,,
16991,4.719722222,,,,,,
22150,6.152777778,,,,,,
420,0.116666667,,,,,,
687,0.190833333,,,,,,
6230,1.730555556,,,,,,
1188,0.33,,,,,,
4577,1.271388889,,,,,,
9150,2.541666667,,,,,,
1272,0.353333333,,,,,,
3119,0.866388889,,,,,,
4784,1.328888889,,,,,,
12713,3.531388889,,,,,,
271,0.075277778,,,,,,
3168,0.88,,,,,,
3421,0.950277778,,,,,,
27716,7.698888889,,,,,,
21330,5.925,,,,,,
92,0.025555556,,,,,,
619,0.171944444,,,,,,
2751,0.764166667,,,,,,
2127,0.590833333,,,,,,
5300,1.472222222,,,,,,
1461,0.405833333,,,,,,
3997,1.110277778,,,,,,
93,0.025833333,,,,,,
205,0.056944444,,,,,,
113,0.031388889,,,,,,
1621,0.450277778,,,,,,
836,0.232222222,,,,,,
315,0.0875,,,,,,
795,0.220833333,,,,,,
6512,1.808888889,,,,,,
5571,1.5475,,,,,,
4360,1.211111111,,,,,,
916,0.254444444,,,,,,
1840,0.511111111,,,,,,
305,0.084722222,,,,,,
267,0.074166667,,,,,,
2246,0.623888889,,,,,,
411,0.114166667,,,,,,
11177,3.104722222,,,,,,
193,0.053611111,,,,,,
1483,0.411944444,,,,,,
106,0.029444444,,,,,,
259,0.071944444,,,,,,
1035,0.2875,,,,,,
17072,4.742222222,,,,,,
17100,4.75,,,,,,
482,0.133888889,,,,,,
1078,0.299444444,,,,,,
1079,0.299722222,,,,,,
1478,0.410555556,,,,,,
1515,0.420833333,,,,,,
2399,0.666388889,,,,,,
16320,4.533333333,,,,,,
183,0.050833333,,,,,,
177,0.049166667,,,,,,
5150,1.430555556,,,,,,
347,0.096388889,,,,,,
368,0.102222222,,,,,,
2489,0.691388889,,,,,,
2718,0.755,,,,,,
11387,3.163055556,,,,,,
1794,0.498333333,,,,,,
674,0.187222222,,,,,,
4271,1.186388889,,,,,,
399,0.110833333,,,,,,
4582,1.272777778,,,,,,
2199,0.610833333,,,,,,
2162,0.600555556,,,,,,
7041,1.955833333,,,,,,
709,0.196944444,,,,,,
537,0.149166667,,,,,,
1441,0.400277778,,,,,,
2641,0.733611111,,,,,,
2072,0.575555556,,,,,,
225,0.0625,,,,,,
3837,1.065833333,,,,,,
36,0.01,,,,,,
124,0.034444444,,,,,,
2606,0.723888889,,,,,,
12301,3.416944444,,,,,,
743,0.206388889,,,,,,
2601,0.7225,,,,,,
9595,2.665277778,,,,,,
4218,1.171666667,,,,,,
365,0.101388889,,,,,,
1394,0.387222222,,,,,,
759,0.210833333,,,,,,
3175,0.881944444,,,,,,
154,0.042777778,,,,,,
708,0.196666667,,,,,,
709,0.196944444,,,,,,
2262,0.628333333,,,,,,
4078,1.132777778,,,,,,
2555,0.709722222,,,,,,
1741,0.483611111,,,,,,
4261,1.183611111,,,,,,
1639,0.455277778,,,,,,
12051,3.3475,,,,,,
284,0.078888889,,,,,,
7234,2.009444444,,,,,,
392,0.108888889,,,,,,
3452,0.958888889,,,,,,
367,0.101944444,,,,,,
4214,1.170555556,,,,,,
122,0.033888889,,,,,,
22826,6.340555556,,,,,,
3795,1.054166667,,,,,,
2184,0.606666667,,,,,,
796,0.221111111,,,,,,
329,0.091388889,,,,,,
12392,3.442222222,,,,,,
338,0.093888889,,,,,,
988,0.274444444,,,,,,
4558,1.266111111,,,,,,
1556,0.432222222,,,,,,
136,0.037777778,,,,,,
15954,4.431666667,,,,,,
7224,2.006666667,,,,,,
7273,2.020277778,,,,,,
249,0.069166667,,,,,,
33131,9.203055556,,,,,,
176154,48.93166667,,,,,,
128,0.035555556,,,,,,
256,0.071111111,,,,,,
857,0.238055556,,,,,,
1061,0.294722222,,,,,,
504,0.14,,,,,,
66291,18.41416667,,,,,,
585,0.1625,,,,,,
615,0.170833333,,,,,,
897,0.249166667,,,,,,
27559,7.655277778,,,,,,
1747,0.485277778,,,,,,
24943,6.928611111,,,,,,
503,0.139722222,,,,,,
213,0.059166667,,,,,,
770,0.213888889,,,,,,
4022,1.117222222,,,,,,
1924,0.534444444,,,,,,
1108,0.307777778,,,,,,
932,0.258888889,,,,,,
47,0.013055556,,,,,,
55,0.015277778,,,,,,
712,0.197777778,,,,,,
58,0.016111111,,,,,,
600,0.166666667,,,,,,
604,0.167777778,,,,,,
5601,1.555833333,,,,,,
16720,4.644444444,,,,,,
16853,4.681388889,,,,,,
2394,0.665,,,,,,
26240,7.288888889,,,,,,
62783,17.43972222,,,,,,
3974,1.103888889,,,,,,
1518,0.421666667,,,,,,
1650,0.458333333,,,,,,
3629,1.008055556,,,,,,
1864,0.517777778,,,,,,
2236,0.621111111,,,,,,
84996,23.61,,,,,,
1711,0.475277778,,,,,,
176,0.048888889,,,,,,
813,0.225833333,,,,,,
813,0.225833333,,,,,,
835,0.231944444,,,,,,
836,0.232222222,,,,,,
48,0.013333333,,,,,,
7194,1.998333333,,,,,,
7484,2.078888889,,,,,,
34333,9.536944444,,,,,,
426,0.118333333,,,,,,
426,0.118333333,,,,,,
695,0.193055556,,,,,,
695,0.193055556,,,,,,
115772,32.15888889,,,,,,
115772,32.15888889,,,,,,
1081,0.300277778,,,,,,
336,0.093333333,,,,,,
19699,5.471944444,,,,,,
63,0.0175,,,,,,
94,0.026111111,,,,,,
2536,0.704444444,,,,,,
3940,1.094444444,,,,,,
13994,3.887222222,,,,,,
13213,3.670277778,,,,,,
13397,3.721388889,,,,,,
7132,1.981111111,,,,,,
725,0.201388889,,,,,,
164402,45.66722222,,,,,,
170,0.047222222,,,,,,
10226,2.840555556,,,,,,
6855,1.904166667,,,,,,
2117,0.588055556,,,,,,
4989,1.385833333,,,,,,
159,0.044166667,,,,,,
1806,0.501666667,,,,,,
8695,2.415277778,,,,,,
12272,3.408888889,,,,,,
782,0.217222222,,,,,,
2769,0.769166667,,,,,,
7104,1.973333333,,,,,,
1412,0.392222222,,,,,,
6438,1.788333333,,,,,,
503,0.139722222,,,,,,
2563,0.711944444,,,,,,
2665,0.740277778,,,,,,
71,0.019722222,,,,,,
559,0.155277778,,,,,,
6422,1.783888889,,,,,,
2264,0.628888889,,,,,,
2276,0.632222222,,,,,,
6895,1.915277778,,,,,,
57,0.015833333,,,,,,
1412,0.392222222,,,,,,
1416,0.393333333,,,,,,
5143,1.428611111,,,,,,
143,0.039722222,,,,,,
3135,0.870833333,,,,,,
1000,0.277777778,,,,,,
91,0.025277778,,,,,,
8757,2.4325,,,,,,
287,0.079722222,,,,,,
6180,1.716666667,,,,,,
1409,0.391388889,,,,,,
733,0.203611111,,,,,,
121,0.033611111,,,,,,
41837,11.62138889,,,,,,
1274,0.353888889,,,,,,
27,0.0075,,,,,,
1197,0.3325,,,,,,
320,0.088888889,,,,,,
3995,1.109722222,,,,,,
3601,1.000277778,,,,,,
1513,0.420277778,,,,,,
1657,0.460277778,,,,,,
1738,0.482777778,,,,,,
205,0.056944444,,,,,,
2459,0.683055556,,,,,,
3687,1.024166667,,,,,,
1100,0.305555556,,,,,,
1100,0.305555556,,,,,,
7495,2.081944444,,,,,,
4638,1.288333333,,,,,,
14120,3.922222222,,,,,,
1968,0.546666667,,,,,,
35,0.009722222,,,,,,
47,0.013055556,,,,,,
105,0.029166667,,,,,,
3164,0.878888889,,,,,,
521,0.144722222,,,,,,
3535,0.981944444,,,,,,
815,0.226388889,,,,,,
44,0.012222222,,,,,,
44,0.012222222,,,,,,
56,0.015555556,,,,,,
448,0.124444444,,,,,,
488,0.135555556,,,,,,
34255,9.515277778,,,,,,
369,0.1025,,,,,,
1019,0.283055556,,,,,,
384,0.106666667,,,,,,
196,0.054444444,,,,,,
15222,4.228333333,,,,,,
124,0.034444444,,,,,,
234,0.065,,,,,,
70357,19.54361111,,,,,,
1573,0.436944444,,,,,,
6311,1.753055556,,,,,,
726,0.201666667,,,,,,
217,0.060277778,,,,,,
1812,0.503333333,,,,,,
13616,3.782222222,,,,,,
13616,3.782222222,,,,,,
183,0.050833333,,,,,,
4736,1.315555556,,,,,,
3646,1.012777778,,,,,,
12169,3.380277778,,,,,,
10102,2.806111111,,,,,,
10109,2.808055556,,,,,,
257,0.071388889,,,,,,
738,0.205,,,,,,
2094,0.581666667,,,,,,
4811,1.336388889,,,,,,
1013,0.281388889,,,,,,
1230,0.341666667,,,,,,
1230,0.341666667,,,,,,
21161,5.878055556,,,,,,
1678,0.466111111,,,,,,
841,0.233611111,,,,,,
177,0.049166667,,,,,,
1413,0.3925,,,,,,
3344,0.928888889,,,,,,
3198,0.888333333,,,,,,
299,0.083055556,,,,,,
2648,0.735555556,,,,,,
74,0.020555556,,,,,,
49,0.013611111,,,,,,
19,0.005277778,,,,,,
390,0.108333333,,,,,,
329,0.091388889,,,,,,
3534,0.981666667,,,,,,
3534,0.981666667,,,,,,
20419,5.671944444,,,,,,
1379,0.383055556,,,,,,
1379,0.383055556,,,,,,
39,0.010833333,,,,,,
1405,0.390277778,,,,,,
4589,1.274722222,,,,,,
11766,3.268333333,,,,,,
690,0.191666667,,,,,,
2614,0.726111111,,,,,,
1924,0.534444444,,,,,,
1924,0.534444444,,,,,,
46,0.012777778,,,,,,
4372,1.214444444,,,,,,
629,0.174722222,,,,,,
9761,2.711388889,,,,,,
27127,7.535277778,,,,,,
1627,0.451944444,,,,,,
24250,6.736111111,,,,,,
930,0.258333333,,,,,,
23749,6.596944444,,,,,,
14727,4.090833333,,,,,,
73,0.020277778,,,,,,
125,0.034722222,,,,,,
6221,1.728055556,,,,,,
1214,0.337222222,,,,,,
230,0.063888889,,,,,,
5507,1.529722222,,,,,,
18690,5.191666667,,,,,,
1173,0.325833333,,,,,,
2679,0.744166667,,,,,,
2882,0.800555556,,,,,,
3901,1.083611111,,,,,,
19,0.005277778,,,,,,
1157,0.321388889,,,,,,
2384,0.662222222,,,,,,
13918,3.866111111,,,,,,
3177,0.8825,,,,,,
1435,0.398611111,,,,,,
1098,0.305,,,,,,
4954,1.376111111,,,,,,
12013,3.336944444,,,,,,
22504,6.251111111,,,,,,
1318,0.366111111,,,,,,
419,0.116388889,,,,,,
693,0.1925,,,,,,
1002,0.278333333,,,,,,
1002,0.278333333,,,,,,
11927,3.313055556,,,,,,
2024,0.562222222,,,,,,
3146,0.873888889,,,,,,
3163,0.878611111,,,,,,
2115,0.5875,,,,,,
2115,0.5875,,,,,,
4925,1.368055556,,,,,,
725,0.201388889,,,,,,
936,0.26,,,,,,
936,0.26,,,,,,
1342,0.372777778,,,,,,
1342,0.372777778,,,,,,
11225,3.118055556,,,,,,
11327,3.146388889,,,,,,
299,0.083055556,,,,,,
344,0.095555556,,,,,,
3215,0.893055556,,,,,,
16,0.004444444,,,,,,
58,0.016111111,,,,,,
79,0.021944444,,,,,,
357,0.099166667,,,,,,
86,0.023888889,,,,,,
2819,0.783055556,,,,,,
2869,0.796944444,,,,,,
3187,0.885277778,,,,,,
452,0.125555556,,,,,,
2724,0.756666667,,,,,,
2756,0.765555556,,,,,,
8913,2.475833333,,,,,,
19581,5.439166667,,,,,,
137,0.038055556,,,,,,
320,0.088888889,,,,,,
405,0.1125,,,,,,
440,0.122222222,,,,,,
11874,3.298333333,,,,,,
1034,0.287222222,,,,,,
128,0.035555556,,,,,,
1060,0.294444444,,,,,,
172814,48.00388889,,,,,,
3762,1.045,,,,,,
15301,4.250277778,,,,,,
15301,4.250277778,,,,,,
7154,1.987222222,,,,,,
7154,1.987222222,,,,,,
7269,2.019166667,,,,,,
5078,1.410555556,,,,,,
1160,0.322222222,,,,,,
816,0.226666667,,,,,,
895,0.248611111,,,,,,
956,0.265555556,,,,,,
65970,18.325,,,,,,
8768,2.435555556,,,,,,
8783,2.439722222,,,,,,
20393,5.664722222,,,,,,
1929,0.535833333,,,,,,
4696,1.304444444,,,,,,
4715,1.309722222,,,,,,
28761,7.989166667,,,,,,
37027,10.28527778,,,,,,
37027,10.28527778,,,,,,
25228,7.007777778,,,,,,
9362,2.600555556,,,,,,
9417,2.615833333,,,,,,
167,0.046388889,,,,,,
410,0.113888889,,,,,,
452,0.125555556,,,,,,
1638,0.455,,,,,,
9992,2.775555556,,,,,,
10146,2.818333333,,,,,,
2596,0.721111111,,,,,,
2612,0.725555556,,,,,,
504,0.14,,,,,,
962,0.267222222,,,,,,
1310,0.363888889,,,,,,
10012,2.781111111,,,,,,
11030,3.063888889,,,,,,
11789,3.274722222,,,,,,
746,0.207222222,,,,,,
871,0.241944444,,,,,,
10379,2.883055556,,,,,,
4662,1.295,,,,,,
3515,0.976388889,,,,,,
27531,7.6475,,,,,,
19434,5.398333333,,,,,,
12234,3.398333333,,,,,,
19573,5.436944444,,,,,,
2576,0.715555556,,,,,,
5485,1.523611111,,,,,,
5546,1.540555556,,,,,,
347,0.096388889,,,,,,
688,0.191111111,,,,,,
1863,0.5175,,,,,,
1898,0.527222222,,,,,,
2094,0.581666667,,,,,,
3748,1.041111111,,,,,,
139,0.038611111,,,,,,
598,0.166111111,,,,,,
748,0.207777778,,,,,,
1374,0.381666667,,,,,,
45388,12.60777778,,,,,,
78601,21.83361111,,,,,,
94248,26.18,,,,,,
7211,2.003055556,,,,,,
14963,4.156388889,,,,,,
1710,0.475,,,,,,
42904,11.91777778,,,,,,
10522,2.922777778,,,,,,
28171,7.825277778,,,,,,
9179,2.549722222,,,,,,
385,0.106944444,,,,,,
6677,1.854722222,,,,,,
4602,1.278333333,,,,,,
4634,1.287222222,,,,,,
4779,1.3275,,,,,,
8300,2.305555556,,,,,,
1522,0.422777778,,,,,,
1614,0.448333333,,,,,,
37726,10.47944444,,,,,,
37902,10.52833333,,,,,,
1792,0.497777778,,,,,,
2388,0.663333333,,,,,,
4890,1.358333333,,,,,,
6619,1.838611111,,,,,,
23881,6.633611111,,,,,,
23898,6.638333333,,,,,,
11927,3.313055556,,,,,,
27894,7.748333333,,,,,,
2807,0.779722222,,,,,,
5718,1.588333333,,,,,,
6681,1.855833333,,,,,,
15858,4.405,,,,,,
5619,1.560833333,,,,,,
24395,6.776388889,,,,,,
7171,1.991944444,,,,,,
22057,6.126944444,,,,,,
2912,0.808888889,,,,,,
2623,0.728611111,,,,,,
2645,0.734722222,,,,,,
4479,1.244166667,,,,,,
20122,5.589444444,,,,,,
25983,7.2175,,,,,,
472,0.131111111,,,,,,
551,0.153055556,,,,,,
6327,1.7575,,,,,,
1838,0.510555556,,,,,,
19359,5.3775,,,,,,
1086,0.301666667,,,,,,
334,0.092777778,,,,,,
521,0.144722222,,,,,,
266,0.073888889,,,,,,
25664,7.128888889,,,,,,
13212,3.67,,,,,,
13503,3.750833333,,,,,,
3883,1.078611111,,,,,,
25251,7.014166667,,,,,,
60311,16.75305556,,,,,,
54,0.015,,,,,,
54,0.015,,,,,,
1705,0.473611111,,,,,,
1743,0.484166667,,,,,,
1763,0.489722222,,,,,,
22117,6.143611111,,,,,,
6188,1.718888889,,,,,,
54050,15.01388889,,,,,,
827,0.229722222,,,,,,
1704,0.473333333,,,,,,
15795,4.3875,,,,,,
142,0.039444444,,,,,,
159,0.044166667,,,,,,
8871,2.464166667,,,,,,
9000,2.5,,,,,,
11360,3.155555556,,,,,,
11593,3.220277778,,,,,,
4768,1.324444444,,,,,,
16274,4.520555556,,,,,,
16587,4.6075,,,,,,
16604,4.612222222,,,,,,
1752,0.486666667,,,,,,
1790,0.497222222,,,,,,
1790,0.497222222,,,,,,
440,0.122222222,,,,,,
2349,0.6525,,,,,,
2071,0.575277778,,,,,,
5552,1.542222222,,,,,,
1109,0.308055556,,,,,,
2786,0.773888889,,,,,,
510,0.141666667,,,,,,
981,0.2725,,,,,,
999,0.2775,,,,,,
11176,3.104444444,,,,,,
18128,5.035555556,,,,,,
805,0.223611111,,,,,,
9907,2.751944444,,,,,,
61868,17.18555556,,,,,,
704,0.195555556,,,,,,
97,0.026944444,,,,,,
22260,6.183333333,,,,,,
1586,0.440555556,,,,,,
1586,0.440555556,,,,,,
18973,5.270277778,,,,,,
19018,5.282777778,,,,,,
15456,4.293333333,,,,,,
2114,0.587222222,,,,,,
2149,0.596944444,,,,,,
14216,3.948888889,,,,,,
14236,3.954444444,,,,,,
14288,3.968888889,,,,,,
241,0.066944444,,,,,,
267,0.074166667,,,,,,
1844,0.512222222,,,,,,
3666,1.018333333,,,,,,
4649,1.291388889,,,,,,
6213,1.725833333,,,,,,
6216,1.726666667,,,,,,
28612,7.947777778,,,,,,
13409,3.724722222,,,,,,
8760,2.433333333,,,,,,
13114,3.642777778,,,,,,
26126,7.257222222,,,,,,
1000,0.277777778,,,,,,
1000,0.277777778,,,,,,
1000,0.277777778,,,,,,
1000,0.277777778,,,,,,
1000,0.277777778,,,,,,
1000,0.277777778,,,,,,
1000,0.277777778,,,,,,
1000,0.277777778,,,,,,
1000,0.277777778,,,,,,
1000,0.277777778,,,,,,
1000,0.277777778,,,,,,
1000,0.277777778,,,,,,
1000,0.277777778,,,,,,
1000,0.277777778,,,,,,
1000,0.277777778,,,,,,
1000,0.277777778,,,,,,
1000,0.277777778,,,,,,
1000,0.277777778,,,,,,
1000,0.277777778,,,,,,
1000,0.277777778,,,,,,
1000,0.277777778,,,,,,
1000,0.277777778,,,,,,
1000,0.277777778,,,,,,
1000,0.277777778,,,,,,
1000,0.277777778,,,,,,
1000,0.277777778,,,,,,
1000,0.277777778,,,,,,
1000,0.277777778,,,,,,
1000,0.277777778,,,,,,
1000,0.277777778,,,,,,
1000,0.277777778,,,,,,
1000,0.277777778,,,,,,
1000,0.277777778,,,,,,
1000,0.277777778,,,,,,
1000,0.277777778,,,,,,
1000,0.277777778,,,,,,
1000,0.277777778,,,,,,
1000,0.277777778,,,,,,
1000,0.277777778,,,,,,
1000,0.277777778,,,,,,
1000,0.277777778,,,,,,
1000,0.277777778,,,,,,
1000,0.277777778,,,,,,
1000,0.277777778,,,,,,
1000,0.277777778,,,,,,
1000,0.277777778,,,,,,
1000,0.277777778,,,,,,
1000,0.277777778,,,,,,
1000,0.277777778,,,,,,
67317,18.69916667,,,,,,
134,0.037222222,,,,,,
152,0.042222222,,,,,,
709,0.196944444,,,,,,
15418,4.282777778,,,,,,
54667,15.18527778,,,,,,
482,0.133888889,,,,,,
7655,2.126388889,,,,,,
990,0.275,,,,,,
5675,1.576388889,,,,,,
4309,1.196944444,,,,,,
7533,2.0925,,,,,,
5947,1.651944444,,,,,,
8311,2.308611111,,,,,,
4212,1.17,,,,,,
3973,1.103611111,,,,,,
1525,0.423611111,,,,,,
4433,1.231388889,,,,,,
1153,0.320277778,,,,,,
8283,2.300833333,,,,,,
14671,4.075277778,,,,,,
2780,0.772222222,,,,,,
1281,0.355833333,,,,,,
272,0.075555556,,,,,,
3256,0.904444444,,,,,,
5101,1.416944444,,,,,,
830,0.230555556,,,,,,
46993,13.05361111,,,,,,
47087,13.07972222,,,,,,
474,0.131666667,,,,,,
774,0.215,,,,,,
850,0.236111111,,,,,,
45228,12.56333333,,,,,,
1034,0.287222222,,,,,,
16693,4.636944444,,,,,,
570,0.158333333,,,,,,
16661,4.628055556,,,,,,
47,0.013055556,,,,,,
385,0.106944444,,,,,,
247,0.068611111,,,,,,
1146,0.318333333,,,,,,
21045,5.845833333,,,,,,
13858,3.849444444,,,,,,
598,0.166111111,,,,,,
4777,1.326944444,,,,,,
5095,1.415277778,,,,,,
822,0.228333333,,,,,,
30004,8.334444444,,,,,,
1139,0.316388889,,,,,,
3518,0.977222222,,,,,,
1144,0.317777778,,,,,,
25246,7.012777778,,,,,,
30689,8.524722222,,,,,,
16580,4.605555556,,,,,,
4166,1.157222222,,,,,,
2107,0.585277778,,,,,,
278,0.077222222,,,,,,
292,0.081111111,,,,,,
318,0.088333333,,,,,,
344,0.095555556,,,,,,
993,0.275833333,,,,,,
2733,0.759166667,,,,,,
2733,0.759166667,,,,,,
525,0.145833333,,,,,,
577,0.160277778,,,,,,
90342,25.095,,,,,,
7275,2.020833333,,,,,,
6543,1.8175,,,,,,
2159,0.599722222,,,,,,
375,0.104166667,,,,,,
1268,0.352222222,,,,,,
6195,1.720833333,,,,,,
17936,4.982222222,,,,,,
1393,0.386944444,,,,,,
2940,0.816666667,,,,,,
2726,0.757222222,,,,,,
301,0.083611111,,,,,,
772,0.214444444,,,,,,
3377,0.938055556,,,,,,
576,0.16,,,,,,
596,0.165555556,,,,,,
11009,3.058055556,,,,,,
952,0.264444444,,,,,,
311,0.086388889,,,,,,
1767,0.490833333,,,,,,
782,0.217222222,,,,,,
6740,1.872222222,,,,,,
107206,29.77944444,,,,,,
9240,2.566666667,,,,,,
1784,0.495555556,,,,,,
1440,0.4,,,,,,
6311,1.753055556,,,,,,
1954,0.542777778,,,,,,
8818,2.449444444,,,,,,
209,0.058055556,,,,,,
209,0.058055556,,,,,,
1512,0.42,,,,,,
1081,0.300277778,,,,,,
2976,0.826666667,,,,,,
6469,1.796944444,,,,,,
1896,0.526666667,,,,,,
2176,0.604444444,,,,,,
8875,2.465277778,,,,,,
10617,2.949166667,,,,,,
10618,2.949444444,,,,,,
549,0.1525,,,,,,
1752,0.486666667,,,,,,
6425,1.784722222,,,,,,
5763,1.600833333,,,,,,
4602,1.278333333,,,,,,
330,0.091666667,,,,,,
18750,5.208333333,,,,,,
2102,0.583888889,,,,,,
1484,0.412222222,,,,,,
810,0.225,,,,,,
821,0.228055556,,,,,,
839,0.233055556,,,,,,
839,0.233055556,,,,,,
845,0.234722222,,,,,,
41013,11.3925,,,,,,
41013,11.3925,,,,,,
16370,4.547222222,,,,,,
38413,10.67027778,,,,,,
4420,1.227777778,,,,,,
59,0.016388889,,,,,,
61,0.016944444,,,,,,
338,0.093888889,,,,,,
754,0.209444444,,,,,,
721,0.200277778,,,,,,
9351,2.5975,,,,,,
4223,1.173055556,,,,,,
4223,1.173055556,,,,,,
8640,2.4,,,,,,
8795,2.443055556,,,,,,
6125,1.701388889,,,,,,
5166,1.435,,,,,,
2525,0.701388889,,,,,,
389,0.108055556,,,,,,
9964,2.767777778,,,,,,
9964,2.767777778,,,,,,
6794,1.887222222,,,,,,
12504,3.473333333,,,,,,
240,0.066666667,,,,,,
3830,1.063888889,,,,,,
49078,13.63277778,,,,,,
52418,14.56055556,,,,,,
130254,36.18166667,,,,,,
614,0.170555556,,,,,,
366,0.101666667,,,,,,
4208,1.168888889,,,,,,
4208,1.168888889,,,,,,
1655,0.459722222,,,,,,
493,0.136944444,,,,,,
1481,0.411388889,,,,,,
3554,0.987222222,,,,,,
14944,4.151111111,,,,,,
1156,0.321111111,,,,,,
3534,0.981666667,,,,,,
3960,1.1,,,,,,
6559,1.821944444,,,,,,
1485,0.4125,,,,,,
35,0.009722222,,,,,,
2569,0.713611111,,,,,,
405,0.1125,,,,,,
4275,1.1875,,,,,,
2770,0.769444444,,,,,,
3877,1.076944444,,,,,,
12367,3.435277778,,,,,,
144,0.04,,,,,,
167,0.046388889,,,,,,
4313,1.198055556,,,,,,
111189,30.88583333,,,,,,
67,0.018611111,,,,,,
12418,3.449444444,,,,,,
1070,0.297222222,,,,,,
141,0.039166667,,,,,,
3886,1.079444444,,,,,,
70,0.019444444,,,,,,
465,0.129166667,,,,,,
444,0.123333333,,,,,,
1152,0.32,,,,,,
608,0.168888889,,,,,,
2833,0.786944444,,,,,,
8786,2.440555556,,,,,,
4017,1.115833333,,,,,,
2928,0.813333333,,,,,,
2075,0.576388889,,,,,,
9508,2.641111111,,,,,,
12897,3.5825,,,,,,
3856,1.071111111,,,,,,
792,0.22,,,,,,
113695,31.58194444,,,,,,
214,0.059444444,,,,,,
581,0.161388889,,,,,,
19,0.005277778,,,,,,
1314,0.365,,,,,,
1332,0.37,,,,,,
1352,0.375555556,,,,,,
2682,0.745,,,,,,
3186,0.885,,,,,,
327,0.090833333,,,,,,
4739,1.316388889,,,,,,
11229,3.119166667,,,,,,
11244,3.123333333,,,,,,
11289,3.135833333,,,,,,
12160,3.377777778,,,,,,
1122,0.311666667,,,,,,
43431,12.06416667,,,,,,
1850,0.513888889,,,,,,
1874,0.520555556,,,,,,
718,0.199444444,,,,,,
34295,9.526388889,,,,,,
327,0.090833333,,,,,,
1274,0.353888889,,,,,,
1274,0.353888889,,,,,,
960,0.266666667,,,,,,
1179,0.3275,,,,,,
132,0.036666667,,,,,,
7250,2.013888889,,,,,,
6328,1.757777778,,,,,,
386,0.107222222,,,,,,
175,0.048611111,,,,,,
955,0.265277778,,,,,,
447,0.124166667,,,,,,
10954,3.042777778,,,,,,
2504,0.695555556,,,,,,
4569,1.269166667,,,,,,
3177,0.8825,,,,,,
1910,0.530555556,,,,,,
3244,0.901111111,,,,,,
119,0.033055556,,,,,,
144,0.04,,,,,,
2546,0.707222222,,,,,,
3579,0.994166667,,,,,,
147,0.040833333,,,,,,
143,0.039722222,,,,,,
2770,0.769444444,,,,,,
1389,0.385833333,,,,,,
743,0.206388889,,,,,,
350,0.097222222,,,,,,
2741,0.761388889,,,,,,
1612,0.447777778,,,,,,
5217,1.449166667,,,,,,
768,0.213333333,,,,,,
796,0.221111111,,,,,,
968,0.268888889,,,,,,
13289,3.691388889,,,,,,
7456,2.071111111,,,,,,
5205,1.445833333,,,,,,
7795,2.165277778,,,,,,
3684,1.023333333,,,,,,
882,0.245,,,,,,
259,0.071944444,,,,,,
5781,1.605833333,,,,,,
5798,1.610555556,,,,,,
1122,0.311666667,,,,,,
1256,0.348888889,,,,,,
689,0.191388889,,,,,,
6865,1.906944444,,,,,,
6865,1.906944444,,,,,,
12302,3.417222222,,,,,,
12464,3.462222222,,,,,,
12473,3.464722222,,,,,,
2036,0.565555556,,,,,,
2284,0.634444444,,,,,,
6238,1.732777778,,,,,,
620,0.172222222,,,,,,
31526,8.757222222,,,,,,
6017,1.671388889,,,,,,
25699,7.138611111,,,,,,
5039,1.399722222,,,,,,
5148,1.43,,,,,,
5193,1.4425,,,,,,
6086,1.690555556,,,,,,
5180,1.438888889,,,,,,
520,0.144444444,,,,,,
771,0.214166667,,,,,,
407,0.113055556,,,,,,
7681,2.133611111,,,,,,
1238,0.343888889,,,,,,
1238,0.343888889,,,,,,
6668,1.852222222,,,,,,
2094,0.581666667,,,,,,
78460,21.79444444,,,,,,
78673,21.85361111,,,,,,
7255,2.015277778,,,,,,
5019,1.394166667,,,,,,
270,0.075,,,,,,
31920,8.866666667,,,,,,
6661,1.850277778,,,,,,
6669,1.8525,,,,,,
3465,0.9625,,,,,,
15413,4.281388889,,,,,,
15413,4.281388889,,,,,,
4200,1.166666667,,,,,,
1002,0.278333333,,,,,,
4192,1.164444444,,,,,,
9796,2.721111111,,,,,,
479,0.133055556,,,,,,
502,0.139444444,,,,,,
4745,1.318055556,,,,,,
4805,1.334722222,,,,,,
4829,1.341388889,,,,,,
11649,3.235833333,,,,,,
11652,3.236666667,,,,,,
97340,27.03888889,,,,,,
113759,31.59972222,,,,,,
9429,2.619166667,,,,,,
717,0.199166667,,,,,,
809,0.224722222,,,,,,
7715,2.143055556,,,,,,
5059,1.405277778,,,,,,
6076,1.687777778,,,,,,
9209,2.558055556,,,,,,
2546,0.707222222,,,,,,
361,0.100277778,,,,,,
2462,0.683888889,,,,,,
287,0.079722222,,,,,,
8802,2.445,,,,,,
6927,1.924166667,,,,,,
11220,3.116666667,,,,,,
11229,3.119166667,,,,,,
401,0.111388889,,,,,,
121,0.033611111,,,,,,
27831,7.730833333,,,,,,
9101,2.528055556,,,,,,
5672,1.575555556,,,,,,
573,0.159166667,,,,,,
4041,1.1225,,,,,,
4051,1.125277778,,,,,,
3731,1.036388889,,,,,,
6687,1.8575,,,,,,
703,0.195277778,,,,,,
5053,1.403611111,,,,,,
6093,1.6925,,,,,,
5011,1.391944444,,,,,,
5795,1.609722222,,,,,,
5801,1.611388889,,,,,,
6020,1.672222222,,,,,,
165,0.045833333,,,,,,
7827,2.174166667,,,,,,
8086,2.246111111,,,,,,
3987,1.1075,,,,,,
6882,1.911666667,,,,,,
583,0.161944444,,,,,,
5718,1.588333333,,,,,,
295,0.081944444,,,,,,
8491,2.358611111,,,,,,
222,0.061666667,,,,,,
7665,2.129166667,,,,,,
311,0.086388889,,,,,,
1155,0.320833333,,,,,,
1637,0.454722222,,,,,,
16404,4.556666667,,,,,,
763,0.211944444,,,,,,
919,0.255277778,,,,,,
2183,0.606388889,,,,,,
5826,1.618333333,,,,,,
3917,1.088055556,,,,,,
2140,0.594444444,,,,,,
2966,0.823888889,,,,,,
4921,1.366944444,,,,,,
242,0.067222222,,,,,,
6041,1.678055556,,,,,,
11251,3.125277778,,,,,,
5087,1.413055556,,,,,,
15778,4.382777778,,,,,,
5456,1.515555556,,,,,,
2867,0.796388889,,,,,,
3124,0.867777778,,,,,,
4962,1.378333333,,,,,,
136,0.037777778,,,,,,
961,0.266944444,,,,,,
1163,0.323055556,,,,,,
225,0.0625,,,,,,
11485,3.190277778,,,,,,
11557,3.210277778,,,,,,
27157,7.543611111,,,,,,
349,0.096944444,,,,,,
21148,5.874444444,,,,,,
21148,5.874444444,,,,,,
6680,1.855555556,,,,,,
471,0.130833333,,,,,,
710,0.197222222,,,,,,
710,0.197222222,,,,,,
3428,0.952222222,,,,,,
4879,1.355277778,,,,,,
637,0.176944444,,,,,,
647,0.179722222,,,,,,
4981,1.383611111,,,,,,
4984,1.384444444,,,,,,
37970,10.54722222,,,,,,
8515,2.365277778,,,,,,
6435,1.7875,,,,,,
75479,20.96638889,,,,,,
536,0.148888889,,,,,,
846,0.235,,,,,,
1839,0.510833333,,,,,,
568,0.157777778,,,,,,
15556,4.321111111,,,,,,
15570,4.325,,,,,,
1364,0.378888889,,,,,,
10333,2.870277778,,,,,,
5625,1.5625,,,,,,
11999,3.333055556,,,,,,
10458,2.905,,,,,,
75,0.020833333,,,,,,
7285,2.023611111,,,,,,
204,0.056666667,,,,,,
4432,1.231111111,,,,,,
7105,1.973611111,,,,,,
-40,-0.011111111,,,,,,
19,0.005277778,,,,,,
56,0.015555556,,,,,,
419,0.116388889,,,,,,
494,0.137222222,,,,,,
503,0.139722222,,,,,,
4879,1.355277778,,,,,,
5148,1.43,,,,,,
5952,1.653333333,,,,,,
190082,52.80055556,,,,,,
190133,52.81472222,,,,,,
6251,1.736388889,,,,,,
9099,2.5275,,,,,,
14291,3.969722222,,,,,,
283,0.078611111,,,,,,
103260,28.68333333,,,,,,
2129,0.591388889,,,,,,
3779,1.049722222,,,,,,
5775,1.604166667,,,,,,
5842,1.622777778,,,,,,
6433,1.786944444,,,,,,
4960,1.377777778,,,,,,
638,0.177222222,,,,,,
753,0.209166667,,,,,,
851,0.236388889,,,,,,
5247,1.4575,,,,,,
3673,1.020277778,,,,,,
732,0.203333333,,,,,,
540,0.15,,,,,,
6630,1.841666667,,,,,,
6647,1.846388889,,,,,,
6980,1.938888889,,,,,,
171,0.0475,,,,,,
262,0.072777778,,,,,,
457,0.126944444,,,,,,
1126,0.312777778,,,,,,
1141,0.316944444,,,,,,
13928,3.868888889,,,,,,
13932,3.87,,,,,,
5774,1.603888889,,,,,,
8098,2.249444444,,,,,,
5918,1.643888889,,,,,,
981,0.2725,,,,,,
1076,0.298888889,,,,,,
2028,0.563333333,,,,,,
4911,1.364166667,,,,,,
4975,1.381944444,,,,,,
612,0.17,,,,,,
183,0.050833333,,,,,,
838,0.232777778,,,,,,
343,0.095277778,,,,,,
3091,0.858611111,,,,,,
8365,2.323611111,,,,,,
622,0.172777778,,,,,,
1683,0.4675,,,,,,
1686,0.468333333,,,,,,
1960,0.544444444,,,,,,
6228,1.73,,,,,,
2948,0.818888889,,,,,,
4428,1.23,,,,,,
60749,16.87472222,,,,,,
1912,0.531111111,,,,,,
15103,4.195277778,,,,,,
4255,1.181944444,,,,,,
4275,1.1875,,,,,,
4973,1.381388889,,,,,,
216,0.06,,,,,,
11908,3.307777778,,,,,,
129,0.035833333,,,,,,
565,0.156944444,,,,,,
4917,1.365833333,,,,,,
629,0.174722222,,,,,,
8421,2.339166667,,,,,,
2764,0.767777778,,,,,,
8813,2.448055556,,,,,,
4575,1.270833333,,,,,,
521,0.144722222,,,,,,
5863,1.628611111,,,,,,
16401,4.555833333,,,,,,
4326,1.201666667,,,,,,
729,0.2025,,,,,,
11131,3.091944444,,,,,,
3659,1.016388889,,,,,,
3665,1.018055556,,,,,,
2568,0.713333333,,,,,,
4129,1.146944444,,,,,,
5971,1.658611111,,,,,,
28,0.007777778,,,,,,
203,0.056388889,,,,,,
2320,0.644444444,,,,,,
4826,1.340555556,,,,,,
4827,1.340833333,,,,,,
234,0.065,,,,,,
54505,15.14027778,,,,,,
54505,15.14027778,,,,,,
96433,26.78694444,,,,,,
61827,17.17416667,,,,,,
344,0.095555556,,,,,,
8449,2.346944444,,,,,,
1046,0.290555556,,,,,,
1046,0.290555556,,,,,,
61111,16.97527778,,,,,,
1440,0.4,,,,,,
970,0.269444444,,,,,,
52108,14.47444444,,,,,,
1908,0.53,,,,,,
2289,0.635833333,,,,,,
9105,2.529166667,,,,,,
15243,4.234166667,,,,,,
150810,41.89166667,,,,,,
624,0.173333333,,,,,,
2280,0.633333333,,,,,,
2280,0.633333333,,,,,,
2577,0.715833333,,,,,,
3295,0.915277778,,,,,,
696,0.193333333,,,,,,
4974,1.381666667,,,,,,
11980,3.327777778,,,,,,
1172,0.325555556,,,,,,
11242,3.122777778,,,,,,
919,0.255277778,,,,,,
13240,3.677777778,,,,,,
5733,1.5925,,,,,,
981,0.2725,,,,,,
2988,0.83,,,,,,
700,0.194444444,,,,,,
3357,0.9325,,,,,,
5849,1.624722222,,,,,,
11938,3.316111111,,,,,,
331,0.091944444,,,,,,
3736,1.037777778,,,,,,
96078,26.68833333,,,,,,
10062,2.795,,,,,,
514,0.142777778,,,,,,
525,0.145833333,,,,,,
2757,0.765833333,,,,,,
2757,0.765833333,,,,,,
91411,25.39194444,,,,,,
94520,26.25555556,,,,,,
4257,1.1825,,,,,,
891,0.2475,,,,,,
24685,6.856944444,,,,,,
24952,6.931111111,,,,,,
6425,1.784722222,,,,,,
4538,1.260555556,,,,,,
11372,3.158888889,,,,,,
5926,1.646111111,,,,,,
42085,11.69027778,,,,,,
42489,11.8025,,,,,,
8101,2.250277778,,,,,,
7618,2.116111111,,,,,,
80751,22.43083333,,,,,,
7437,2.065833333,,,,,,
7650,2.125,,,,,,
8965,2.490277778,,,,,,
3233,0.898055556,,,,,,
728,0.202222222,,,,,,
2109,0.585833333,,,,,,
2112,0.586666667,,,,,,
74,0.020555556,,,,,,
74,0.020555556,,,,,,
8182,2.272777778,,,,,,
816,0.226666667,,,,,,
3803,1.056388889,,,,,,
762,0.211666667,,,,,,
17689,4.913611111,,,,,,
18595,5.165277778,,,,,,
14912,4.142222222,,,,,,
13852,3.847777778,,,,,,
6099,1.694166667,,,,,,
104258,28.96055556,,,,,,
9040,2.511111111,,,,,,
1189,0.330277778,,,,,,
3356,0.932222222,,,,,,
8515,2.365277778,,,,,,
786,0.218333333,,,,,,
19436,5.398888889,,,,,,
9419,2.616388889,,,,,,
9425,2.618055556,,,,,,
1301,0.361388889,,,,,,
13169,3.658055556,,,,,,
149,0.041388889,,,,,,
1513,0.420277778,,,,,,
2599,0.721944444,,,,,,
20730,5.758333333,,,,,,
209,0.058055556,,,,,,
3031,0.841944444,,,,,,
2727,0.7575,,,,,,
12441,3.455833333,,,,,,
143,0.039722222,,,,,,
819,0.2275,,,,,,
24,0.006666667,,,,,,
819,0.2275,,,,,,
3678,1.021666667,,,,,,
11,0.003055556,,,,,,
47,0.013055556,,,,,,
223,0.061944444,,,,,,
16925,4.701388889,,,,,,
1399,0.388611111,,,,,,
685,0.190277778,,,,,,
566,0.157222222,,,,,,
2298,0.638333333,,,,,,
2286,0.635,,,,,,
220,0.061111111,,,,,,
1096,0.304444444,,,,,,
1303,0.361944444,,,,,,
13445,3.734722222,,,,,,
6147,1.7075,,,,,,
3258,0.905,,,,,,
3303,0.9175,,,,,,
10666,2.962777778,,,,,,
3550,0.986111111,,,,,,
15487,4.301944444,,,,,,
18542,5.150555556,,,,,,
198,0.055,,,,,,
899,0.249722222,,,,,,
11907,3.3075,,,,,,
343,0.095277778,,,,,,
145,0.040277778,,,,,,
206,0.057222222,,,,,,
409,0.113611111,,,,,,
107411,29.83638889,,,,,,
69,0.019166667,,,,,,
3373,0.936944444,,,,,,
84,0.023333333,,,,,,
10494,2.915,,,,,,
10078,2.799444444,,,,,,
1403,0.389722222,,,,,,
7801,2.166944444,,,,,,
35379,9.8275,,,,,,
14513,4.031388889,,,,,,
1849,0.513611111,,,,,,
10127,2.813055556,,,,,,
23087,6.413055556,,,,,,
19673,5.464722222,,,,,,
1274,0.353888889,,,,,,
11670,3.241666667,,,,,,
11670,3.241666667,,,,,,
9373,2.603611111,,,,,,
6934,1.926111111,,,,,,
7508,2.085555556,,,,,,
1210,0.336111111,,,,,,
227,0.063055556,,,,,,
1452,0.403333333,,,,,,
1679,0.466388889,,,,,,
10675,2.965277778,,,,,,
10841,3.011388889,,,,,,
3774,1.048333333,,,,,,
5671,1.575277778,,,,,,
2624,0.728888889,,,,,,
17545,4.873611111,,,,,,
6877,1.910277778,,,,,,
23146,6.429444444,,,,,,
1027,0.285277778,,,,,,
92,0.025555556,,,,,,
28554,7.931666667,,,,,,
1250,0.347222222,,,,,,
1250,0.347222222,,,,,,
414,0.115,,,,,,
7402,2.056111111,,,,,,
76,0.021111111,,,,,,
275,0.076388889,,,,,,
43,0.011944444,,,,,,
115,0.031944444,,,,,,
2275,0.631944444,,,,,,
334,0.092777778,,,,,,
15905,4.418055556,,,,,,
43,0.011944444,,,,,,
265,0.073611111,,,,,,
75656,21.01555556,,,,,,
23133,6.425833333,,,,,,
1294,0.359444444,,,,,,
18248,5.068888889,,,,,,
9232,2.564444444,,,,,,
3054,0.848333333,,,,,,
56636,15.73222222,,,,,,
161,0.044722222,,,,,,
2494,0.692777778,,,,,,
4669,1.296944444,,,,,,
39,0.010833333,,,,,,
1871,0.519722222,,,,,,
904,0.251111111,,,,,,
853,0.236944444,,,,,,
554,0.153888889,,,,,,
871,0.241944444,,,,,,
37197,10.3325,,,,,,
3586,0.996111111,,,,,,
6138,1.705,,,,,,
3712,1.031111111,,,,,,
1390,0.386111111,,,,,,
206,0.057222222,,,,,,
1505,0.418055556,,,,,,
2519,0.699722222,,,,,,
11146,3.096111111,,,,,,
4007,1.113055556,,,,,,
5907,1.640833333,,,,,,
233,0.064722222,,,,,,
2284,0.634444444,,,,,,
976,0.271111111,,,,,,
195,0.054166667,,,,,,
460,0.127777778,,,,,,
4026,1.118333333,,,,,,
906,0.251666667,,,,,,
16488,4.58,,,,,,
72808,20.22444444,,,,,,
1752,0.486666667,,,,,,
3073,0.853611111,,,,,,
4123,1.145277778,,,,,,
625,0.173611111,,,,,,
3432,0.953333333,,,,,,
6004,1.667777778,,,,,,
529,0.146944444,,,,,,
93084,25.85666667,,,,,,
10050,2.791666667,,,,,,
87,0.024166667,,,,,,
1604,0.445555556,,,,,,
10954,3.042777778,,,,,,
13138,3.649444444,,,,,,
564,0.156666667,,,,,,
43666,12.12944444,,,,,,
721,0.200277778,,,,,,
1430,0.397222222,,,,,,
1430,0.397222222,,,,,,
2338,0.649444444,,,,,,
5000,1.388888889,,,,,,
2508,0.696666667,,,,,,
4157,1.154722222,,,,,,
644,0.178888889,,,,,,
3031,0.841944444,,,,,,
359,0.099722222,,,,,,
768,0.213333333,,,,,,
17806,4.946111111,,,,,,
17806,4.946111111,,,,,,
-18469,-5.130277778,,,,,,
-18412,-5.114444444,,,,,,
-18349,-5.096944444,,,,,,
-34,-0.009444444,,,,,,
211,0.058611111,,,,,,
298,0.082777778,,,,,,
303,0.084166667,,,,,,
562,0.156111111,,,,,,
1467,0.4075,,,,,,
1487,0.413055556,,,,,,
1630,0.452777778,,,,,,
16262,4.517222222,,,,,,
2068,0.574444444,,,,,,
2069,0.574722222,,,,,,
151,0.041944444,,,,,,
5970,1.658333333,,,,,,
2354,0.653888889,,,,,,
2354,0.653888889,,,,,,
2380,0.661111111,,,,,,
2577,0.715833333,,,,,,
4657,1.293611111,,,,,,
1998,0.555,,,,,,
14700,4.083333333,,,,,,
2014,0.559444444,,,,,,
773,0.214722222,,,,,,
1502,0.417222222,,,,,,
10258,2.849444444,,,,,,
10263,2.850833333,,,,,,
3792,1.053333333,,,,,,
1756,0.487777778,,,,,,
3576,0.993333333,,,,,,
6095,1.693055556,,,,,,
38868,10.79666667,,,,,,
39745,11.04027778,,,,,,
4714,1.309444444,,,,,,
4904,1.362222222,,,,,,
2424,0.673333333,,,,,,
2651,0.736388889,,,,,,
2660,0.738888889,,,,,,
68075,18.90972222,,,,,,
2500,0.694444444,,,,,,
4992,1.386666667,,,,,,
2037,0.565833333,,,,,,
2043,0.5675,,,,,,
2048,0.568888889,,,,,,
13689,3.8025,,,,,,
1868,0.518888889,,,,,,
1868,0.518888889,,,,,,
4278,1.188333333,,,,,,
3205,0.890277778,,,,,,
8270,2.297222222,,,,,,
2735,0.759722222,,,,,,
2919,0.810833333,,,,,,
2945,0.818055556,,,,,,
2974,0.826111111,,,,,,
3172,0.881111111,,,,,,
3189,0.885833333,,,,,,
3207,0.890833333,,,,,,
3213,0.8925,,,,,,
3727,1.035277778,,,,,,
3859,1.071944444,,,,,,
4527,1.2575,,,,,,
5021,1.394722222,,,,,,
5042,1.400555556,,,,,,
1714,0.476111111,,,,,,
1863,0.5175,,,,,,
547,0.151944444,,,,,,
1745,0.484722222,,,,,,
1169,0.324722222,,,,,,
1172,0.325555556,,,,,,
2032,0.564444444,,,,,,
3516,0.976666667,,,,,,
3991,1.108611111,,,,,,
1862,0.517222222,,,,,,
1874,0.520555556,,,,,,
1966,0.546111111,,,,,,
1623,0.450833333,,,,,,
33074,9.187222222,,,,,,
1784,0.495555556,,,,,,
1951,0.541944444,,,,,,
3864,1.073333333,,,,,,
1888,0.524444444,,,,,,
13579,3.771944444,,,,,,
5030,1.397222222,,,,,,
2257,0.626944444,,,,,,
2263,0.628611111,,,,,,
2952,0.82,,,,,,
7281,2.0225,,,,,,
2169,0.6025,,,,,,
3037,0.843611111,,,,,,
1691,0.469722222,,,,,,
78447,21.79083333,,,,,,
78515,21.80972222,,,,,,
5609,1.558055556,,,,,,
5636,1.565555556,,,,,,
664,0.184444444,,,,,,
714,0.198333333,,,,,,
1164,0.323333333,,,,,,
14606,4.057222222,,,,,,
2007,0.5575,,,,,,
25190,6.997222222,,,,,,
342,0.095,,,,,,
1284,0.356666667,,,,,,
1205,0.334722222,,,,,,
5842,1.622777778,,,,,,
14716,4.087777778,,,,,,
2856,0.793333333,,,,,,
5572,1.547777778,,,,,,
1008,0.28,,,,,,
1014,0.281666667,,,,,,
2153,0.598055556,,,,,,
2202,0.611666667,,,,,,
2297,0.638055556,,,,,,
7040,1.955555556,,,,,,
2196,0.61,,,,,,
1727,0.479722222,,,,,,
6143,1.706388889,,,,,,
2003,0.556388889,,,,,,
1406,0.390555556,,,,,,
1936,0.537777778,,,,,,
31499,8.749722222,,,,,,
1301,0.361388889,,,,,,
4911,1.364166667,,,,,,
1675,0.465277778,,,,,,
1373,0.381388889,,,,,,
4004,1.112222222,,,,,,
4004,1.112222222,,,,,,
25290,7.025,,,,,,
1698,0.471666667,,,,,,
1666,0.462777778,,,,,,
3734,1.037222222,,,,,,
10530,2.925,,,,,,
6916,1.921111111,,,,,,
1302,0.361666667,,,,,,
1341,0.3725,,,,,,
1444,0.401111111,,,,,,
1450,0.402777778,,,,,,
2080,0.577777778,,,,,,
2151,0.5975,,,,,,
2264,0.628888889,,,,,,
4456,1.237777778,,,,,,
2018,0.560555556,,,,,,
2032,0.564444444,,,,,,
11365,3.156944444,,,,,,
11408,3.168888889,,,,,,
29910,8.308333333,,,,,,
29996,8.332222222,,,,,,
29996,8.332222222,,,,,,
1790,0.497222222,,,,,,
2719,0.755277778,,,,,,
2719,0.755277778,,,,,,
16272,4.52,,,,,,
2339,0.649722222,,,,,,
10731,2.980833333,,,,,,
13296,3.693333333,,,,,,
26698,7.416111111,,,,,,
1320,0.366666667,,,,,,
2541,0.705833333,,,,,,
2541,0.705833333,,,,,,
1269,0.3525,,,,,,
85,0.023611111,,,,,,
514,0.142777778,,,,,,
1656,0.46,,,,,,
3290,0.913888889,,,,,,
33224,9.228888889,,,,,,
33250,9.236111111,,,,,,
784,0.217777778,,,,,,
4901,1.361388889,,,,,,
7060,1.961111111,,,,,,
1571,0.436388889,,,,,,
5690,1.580555556,,,,,,
13770,3.825,,,,,,
365,0.101388889,,,,,,
68015,18.89305556,,,,,,
68115,18.92083333,,,,,,
1281,0.355833333,,,,,,
1296,0.36,,,,,,
3113,0.864722222,,,,,,
4385,1.218055556,,,,,,
7748,2.152222222,,,,,,
7748,2.152222222,,,,,,
5868,1.63,,,,,,
5884,1.634444444,,,,,,
2272,0.631111111,,,,,,
3573,0.9925,,,,,,
5263,1.461944444,,,,,,
25979,7.216388889,,,,,,
7660,2.127777778,,,,,,
1833,0.509166667,,,,,,
1646,0.457222222,,,,,,
4428,1.23,,,,,,
10895,3.026388889,,,,,,
4708,1.307777778,,,,,,
90503,25.13972222,,,,,,
75278,20.91055556,,,,,,
2501,0.694722222,,,,,,
7589,2.108055556,,,,,,
28,0.007777778,,,,,,
9142,2.539444444,,,,,,
164,0.045555556,,,,,,
174,0.048333333,,,,,,
197,0.054722222,,,,,,
214,0.059444444,,,,,,
267,0.074166667,,,,,,
543,0.150833333,,,,,,
2510,0.697222222,,,,,,
4777,1.326944444,,,,,,
10155,2.820833333,,,,,,
8193,2.275833333,,,,,,
20109,5.585833333,,,,,,
2038,0.566111111,,,,,,
3311,0.919722222,,,,,,
4867,1.351944444,,,,,,
26955,7.4875,,,,,,
9616,2.671111111,,,,,,
29086,8.079444444,,,,,,
14817,4.115833333,,,,,,
29553,8.209166667,,,,,,
4823,1.339722222,,,,,,
733,0.203611111,,,,,,
23328,6.48,,,,,,
7430,2.063888889,,,,,,
24821,6.894722222,,,,,,
8732,2.425555556,,,,,,
8142,2.261666667,,,,,,
23703,6.584166667,,,,,,
5180,1.438888889,,,,,,
12251,3.403055556,,,,,,
10282,2.856111111,,,,,,
145556,40.43222222,,,,,,
160,0.044444444,,,,,,
6923,1.923055556,,,,,,
844,0.234444444,,,,,,
11909,3.308055556,,,,,,
5233,1.453611111,,,,,,
226,0.062777778,,,,,,
2746,0.762777778,,,,,,
30215,8.393055556,,,,,,
5950,1.652777778,,,,,,
2223,0.6175,,,,,,
417,0.115833333,,,,,,
8326,2.312777778,,,,,,
6494,1.803888889,,,,,,
6020,1.672222222,,,,,,
1937,0.538055556,,,,,,
608,0.168888889,,,,,,
5943,1.650833333,,,,,,
22978,6.382777778,,,,,,
235,0.065277778,,,,,,
26903,7.473055556,,,,,,
201,0.055833333,,,,,,
5161,1.433611111,,,,,,
3534,0.981666667,,,,,,
24063,6.684166667,,,,,,
24261,6.739166667,,,,,,
5476,1.521111111,,,,,,
5128,1.424444444,,,,,,
11181,3.105833333,,,,,,
19221,5.339166667,,,,,,
8209,2.280277778,,,,,,
240,0.066666667,,,,,,
8457,2.349166667,,,,,,
10819,3.005277778,,,,,,
13386,3.718333333,,,,,,
5039,1.399722222,,,,,,
25902,7.195,,,,,,
7666,2.129444444,,,,,,
1251,0.3475,,,,,,
1280,0.355555556,,,,,,
1036,0.287777778,,,,,,
5749,1.596944444,,,,,,
6037,1.676944444,,,,,,
6054,1.681666667,,,,,,
6076,1.687777778,,,,,,
5723,1.589722222,,,,,,
3225,0.895833333,,,,,,
2404,0.667777778,,,,,,
51800,14.38888889,,,,,,
607,0.168611111,,,,,,
3938,1.093888889,,,,,,
4010,1.113888889,,,,,,
1127,0.313055556,,,,,,
1047,0.290833333,,,,,,
8280,2.3,,,,,,
41636,11.56555556,,,,,,
82,0.022777778,,,,,,
179,0.049722222,,,,,,
179,0.049722222,,,,,,
906,0.251666667,,,,,,
5703,1.584166667,,,,,,
158682,44.07833333,,,,,,
10490,2.913888889,,,,,,
5563,1.545277778,,,,,,
8517,2.365833333,,,,,,
1456,0.404444444,,,,,,
265,0.073611111,,,,,,
8359,2.321944444,,,,,,
3190,0.886111111,,,,,,
3190,0.886111111,,,,,,
9364,2.601111111,,,,,,
9689,2.691388889,,,,,,
4157,1.154722222,,,,,,
2240,0.622222222,,,,,,
1749,0.485833333,,,,,,
4805,1.334722222,,,,,,
37970,10.54722222,,,,,,
5719,1.588611111,,,,,,
148,0.041111111,,,,,,
37018,10.28277778,,,,,,
37018,10.28277778,,,,,,
73165,20.32361111,,,,,,
745,0.206944444,,,,,,
460,0.127777778,,,,,,
1692,0.47,,,,,,
136,0.037777778,,,,,,
2537,0.704722222,,,,,,
16970,4.713888889,,,,,,
16970,4.713888889,,,,,,
109,0.030277778,,,,,,
109,0.030277778,,,,,,
1946,0.540555556,,,,,,
3052,0.847777778,,,,,,
2218,0.616111111,,,,,,
2218,0.616111111,,,,,,
2160,0.6,,,,,,
1514,0.420555556,,,,,,
1108,0.307777778,,,,,,
3375,0.9375,,,,,,
5371,1.491944444,,,,,,
130106,36.14055556,,,,,,
130333,36.20361111,,,,,,
3338,0.927222222,,,,,,
2893,0.803611111,,,,,,
3080,0.855555556,,,,,,
3194,0.887222222,,,,,,
3433,0.953611111,,,,,,
3279,0.910833333,,,,,,
2968,0.824444444,,,,,,
3321,0.9225,,,,,,
5642,1.567222222,,,,,,
875,0.243055556,,,,,,
3947,1.096388889,,,,,,
4104,1.14,,,,,,
706,0.196111111,,,,,,
1567,0.435277778,,,,,,
563,0.156388889,,,,,,
97652,27.12555556,,,,,,
1282,0.356111111,,,,,,
163466,45.40722222,,,,,,
16166,4.490555556,,,,,,
1121,0.311388889,,,,,,
443,0.123055556,,,,,,
14768,4.102222222,,,,,,
3455,0.959722222,,,,,,
3897,1.0825,,,,,,
264,0.073333333,,,,,,
2890,0.802777778,,,,,,
3395,0.943055556,,,,,,
3222,0.895,,,,,,
2504,0.695555556,,,,,,
2630,0.730555556,,,,,,
2696,0.748888889,,,,,,
2901,0.805833333,,,,,,
340,0.094444444,,,,,,
2992,0.831111111,,,,,,
2222,0.617222222,,,,,,
2232,0.62,,,,,,
2243,0.623055556,,,,,,
3469,0.963611111,,,,,,
3499,0.971944444,,,,,,
3538,0.982777778,,,,,,
2967,0.824166667,,,,,,
3076,0.854444444,,,,,,
2323,0.645277778,,,,,,
2474,0.687222222,,,,,,
162,0.045,,,,,,
1226,0.340555556,,,,,,
1303,0.361944444,,,,,,
1455,0.404166667,,,,,,
426,0.118333333,,,,,,
565,0.156944444,,,,,,
1892,0.525555556,,,,,,
2702,0.750555556,,,,,,
2775,0.770833333,,,,,,
2924,0.812222222,,,,,,
1799,0.499722222,,,,,,
80246,22.29055556,,,,,,
2961,0.8225,,,,,,
37164,10.32333333,,,,,,
1926,0.535,,,,,,
9569,2.658055556,,,,,,
3294,0.915,,,,,,
3284,0.912222222,,,,,,
3324,0.923333333,,,,,,
4133,1.148055556,,,,,,
4163,1.156388889,,,,,,
3100,0.861111111,,,,,,
2268,0.63,,,,,,
2286,0.635,,,,,,
3165,0.879166667,,,,,,
3072,0.853333333,,,,,,
1838,0.510555556,,,,,,
1971,0.5475,,,,,,
2549,0.708055556,,,,,,
4396,1.221111111,,,,,,
3521,0.978055556,,,,,,
3209,0.891388889,,,,,,
2846,0.790555556,,,,,,
3733,1.036944444,,,,,,
2453,0.681388889,,,,,,
6721,1.866944444,,,,,,
176,0.048888889,,,,,,
5809,1.613611111,,,,,,
1812,0.503333333,,,,,,
12710,3.530555556,,,,,,
259,0.071944444,,,,,,
5243,1.456388889,,,,,,
784,0.217777778,,,,,,
800,0.222222222,,,,,,
7211,2.003055556,,,,,,
2702,0.750555556,,,,,,
732,0.203333333,,,,,,
1302,0.361666667,,,,,,
438,0.121666667,,,,,,
4590,1.275,,,,,,
3677,1.021388889,,,,,,
1251,0.3475,,,,,,
1300,0.361111111,,,,,,
6631,1.841944444,,,,,,
340,0.094444444,,,,,,
41,0.011388889,,,,,,
79,0.021944444,,,,,,
111,0.030833333,,,,,,
694,0.192777778,,,,,,
2933,0.814722222,,,,,,
3137,0.871388889,,,,,,
1051,0.291944444,,,,,,
3301,0.916944444,,,,,,
4463,1.239722222,,,,,,
4463,1.239722222,,,,,,
77849,21.62472222,,,,,,
1551,0.430833333,,,,,,
234,0.065,,,,,,
823,0.228611111,,,,,,
12633,3.509166667,,,,,,
12633,3.509166667,,,,,,
1072,0.297777778,,,,,,
5265,1.4625,,,,,,
28579,7.938611111,,,,,,
28579,7.938611111,,,,,,
174,0.048333333,,,,,,
137,0.038055556,,,,,,
15939,4.4275,,,,,,
776,0.215555556,,,,,,
335,0.093055556,,,,,,
50961,14.15583333,,,,,,
2547,0.7075,,,,,,
2084,0.578888889,,,,,,
3979,1.105277778,,,,,,
732,0.203333333,,,,,,
719,0.199722222,,,,,,
3047,0.846388889,,,,,,
1181,0.328055556,,,,,,
7618,2.116111111,,,,,,
73,0.020277778,,,,,,
3941,1.094722222,,,,,,
487,0.135277778,,,,,,
3273,0.909166667,,,,,,
4075,1.131944444,,,,,,
2995,0.831944444,,,,,,
1622,0.450555556,,,,,,
720,0.2,,,,,,
12593,3.498055556,,,,,,
28479,7.910833333,,,,,,
8509,2.363611111,,,,,,
618,0.171666667,,,,,,
1038,0.288333333,,,,,,
96035,26.67638889,,,,,,
983,0.273055556,,,,,,
986,0.273888889,,,,,,
2171,0.603055556,,,,,,
2078,0.577222222,,,,,,
3170,0.880555556,,,,,,
2761,0.766944444,,,,,,
3115,0.865277778,,,,,,
6662,1.850555556,,,,,,
2250,0.625,,,,,,
12900,3.583333333,,,,,,
2082,0.578333333,,,,,,
572,0.158888889,,,,,,
7515,2.0875,,,,,,
68221,18.95027778,,,,,,
68474,19.02055556,,,,,,
68662,19.07277778,,,,,,
11062,3.072777778,,,,,,
15257,4.238055556,,,,,,
15257,4.238055556,,,,,,
2218,0.616111111,,,,,,
2335,0.648611111,,,,,,
2043,0.5675,,,,,,
17519,4.866388889,,,,,,
164558,45.71055556,,,,,,
164881,45.80027778,,,,,,
1244,0.345555556,,,,,,
2014,0.559444444,,,,,,
4673,1.298055556,,,,,,
4742,1.317222222,,,,,,
1309,0.363611111,,,,,,
3543,0.984166667,,,,,,
29582,8.217222222,,,,,,
4189,1.163611111,,,,,,
2095,0.581944444,,,,,,
705,0.195833333,,,,,,
814,0.226111111,,,,,,
1837,0.510277778,,,,,,
1954,0.542777778,,,,,,
319,0.088611111,,,,,,
87,0.024166667,,,,,,
250,0.069444444,,,,,,
4757,1.321388889,,,,,,
4757,1.321388889,,,,,,
21006,5.835,,,,,,
908,0.252222222,,,,,,
6669,1.8525,,,,,,
19512,5.42,,,,,,
5755,1.598611111,,,,,,
82,0.022777778,,,,,,
19350,5.375,,,,,,
19350,5.375,,,,,,
39355,10.93194444,,,,,,
3046,0.846111111,,,,,,
120,0.033333333,,,,,,
1326,0.368333333,,,,,,
1891,0.525277778,,,,,,
10686,2.968333333,,,,,,
739,0.205277778,,,,,,
3562,0.989444444,,,,,,
25241,7.011388889,,,,,,
17077,4.743611111,,,,,,
1332,0.37,,,,,,
4244,1.178888889,,,,,,
1302,0.361666667,,,,,,
40805,11.33472222,,,,,,
1673,0.464722222,,,,,,
1673,0.464722222,,,,,,
5521,1.533611111,,,,,,
814,0.226111111,,,,,,
259,0.071944444,,,,,,
523,0.145277778,,,,,,
522,0.145,,,,,,
79,0.021944444,,,,,,
2940,0.816666667,,,,,,
291,0.080833333,,,,,,
11804,3.278888889,,,,,,
13158,3.655,,,,,,
125973,34.9925,,,,,,
683,0.189722222,,,,,,
476,0.132222222,,,,,,
3452,0.958888889,,,,,,
7215,2.004166667,,,,,,
76999,21.38861111,,,,,,
341,0.094722222,,,,,,
91760,25.48888889,,,,,,
3268,0.907777778,,,,,,
9862,2.739444444,,,,,,
